Workbook
Name Slicer_Product: #N/A
Name Slicer_Region: #N/A

Sheet RAW Data
A1: Date | B1: Order ID | C1: Product | D1: Region | E1: Sales Rep | F1: Units Sold | G1: Unit Price | H1: Total Sales
A2: Apr 28, 2025 | B2: ORD001 | C2: Laptop | D2: South | E2: Rohit | F2: 27 | G2: 1200 | H2: 32400
A3: 2025-04-08 | B3: ORD002 | C3: Accessories | D3: South | E3: Amit | F3: 30 | G3: 25000 | H3: 750000
A4: 2025-03-02 | B4: ORD003 | C4: Tablet | D4: South | E4: Sonia | F4: 23 | G4: 25000 | H4: 575000
A5: 2025-02-05 | B5: ORD004 | C5: Mobile | D5: North | E5: Neha | F5: 6 | G5: 800 | H5: 4800
A6: Feb 18, 2025 | B6: ORD005 | C6: Mobile | D6: East | E6: Riya | F6: 45 | G6: 30000 | H6: 1350000
A7: Feb 20, 2025 | B7: ORD006 | C7: Accessories | D7: North | E7: Karan | F7: 23 | G7: 1200 | H7: 27600
A8: Jun 06, 2025 | B8: ORD007 | C8: Tablet | D8: South | F8: 16 | G8: 800 | H8: 12800 | J8: =PROPER(TRIM(E8))
A9: 04/04/2025 | B9: ORD008 | C9: Mobile | D9: North | E9: Tina | F9: 50 | G9: 50000 | H9: 2500000
A10: 01/04/2025 | B10: ORD009 | C10: Accessories | D10: North | E10: Sonia | F10: 37 | G10: 15000 | H10: 555000
A11: 07/06/2025 | B11: ORD010 | C11: Laptop | D11: South | E11: Neha | F11: 40 | G11: 800 | H11: 32000
A12: Mar 15, 2025 | B12: ORD011 | C12: Mobile | D12: East | E12: Manish | F12: 41 | G12: 800 | H12: 32800
A13: Apr 25, 2025 | B13: ORD012 | C13: Accessories | D13: East | E13: Manish | F13: 27 | G13: 50000 | H13: 1350000
A14: 26/03/2025 | B14: ORD013 | C14: Accessories | D14: West | E14: Tina | F14: 32 | G14: 25000 | H14: 799549
A15: Feb 18, 2025 | B15: ORD014 | C15: Accessories | D15: North | E15: Tina | F15: 12 | G15: 30000 | H15: 360000
A16: May 31, 2025 | B16: ORD015 | C16: Laptop | D16: West | E16: Neha | F16: 26 | G16: 25000 | H16: 650000
A17: 2025-04-24 | B17: ORD016 | C17: Accessories | D17: East | E17: Priya | F17: 41 | G17: 50000 | H17: 2050000
A18: 08/01/2025 | B18: ORD017 | C18: Accessories | D18: West | E18: Tina | F18: 31 | G18: 1200 | H18: 37200
A19: 21/03/2025 | B19: ORD018 | C19: Mobile | D19: East | E19: Rohit | F19: 32 | G19: 1200 | H19: 38400
A20: 2025-03-13 | B20: ORD019 | C20: Accessories | D20: North | E20: Priya | F20: 24 | G20: 50000 | H20: 1200000
... A41: 12/05/2025 | B41: ORD040 | C41: Mobile | D41: West | E41: Neha | F41: 16 | G41: 50000 | H41: 800000
A42: 13/04/2025 | B42: ORD041 | C42: Laptop | D42: West | F42: 30 | G42: 800 | H42: 24000
A43: May 17, 2025 | B43: ORD042 | C43: Moblie | E43: Manish | F43: 3 | G43: 800 | H43: 2400
A44: 2025-02-24 | B44: ORD043 | C44: Laptop | D44: North | E44: Amit | F44: 40 | G44: 25000 | H44: 1000000
A45: 2025-03-11 | B45: ORD044 | C45: Mobile | D45: South | E45: Neha | F45: 7 | G45: 30000 | H45: 210000
A46: Jun 24, 2025 | B46: ORD045 | C46: Mobile | D46: East | E46: Riya | F46: 13 | G46: 30000 | H46: 390000
A47: 2025-02-17 | B47: ORD046 | C47: Mobile | D47: South | E47: Rohit | F47: 29 | G47: 1200 | H47: 34800
A48: 2025-01-20 | B48: ORD047 | C48: Laptop | D48: West | E48: Riya | F48: 45 | G48: 30000 | H48: 1350000
A49: 2025-06-04 | B49: ORD048 | C49: Laptop | D49: South | E49: Vivek | F49: 45 | G49: 15000 | H49: 675000
A50: 2025-03-16 | B50: ORD049 | C50: Accessories | D50: South | E50: Sonia | F50: 19 | G50: 800 | H50: 15200
A51: 2025-02-15 | B51: ORD050 | C51: Tablet | D51: West | E51: Rohit | F51: 47 | G51: 25000 | H51: 1175000
A52: 16/03/2025 | B52: ORD051 | C52: Mobile | D52: East | E52: Karan | F52: 10 | G52: 800 | H52: 7346
A53: 2025-06-07 | B53: ORD052 | C53: Laptop | E53: Amit | F53: 42 | G53: 15000 | H53: 630000
A54: 04/04/2025 | B54: ORD053 | C54: Mobile | D54: West | E54: Priya | F54: 19 | G54: 800 | H54: 15200
A55: 2025-01-29 | B55: ORD054 | C55: Accessories | F55: 49 | G55: 50000 | H55: 2450000
A56: 2025-06-11 | B56: ORD055 | C56: Lapotp | D56: East | E56: Rohit | F56: 14 | G56: 15000 | H56: 210000
A57: 2025-05-27 | B57: ORD056 | C57: Mobile | D57: West | E57: Sonia | F57: 10 | G57: 1200 | H57: 12000
A58: 18/03/2025 | B58: ORD057 | C58: Tablet | D58: North | E58: Sonia | F58: 24 | G58: 30000 | H58: 720000
A59: 2025-02-23 | B59: ORD058 | C59: Laptop | D59: West | E59: Sonia | F59: 23 | G59: 25000 | H59: 575000
A60: 2025-02-05 | B60: ORD059 | C60: Laptop | D60: West | E60: Vivek | F60: 7 | G60: 25000 | H60: 175000
A61: 22/04/2025 | B61: ORD060 | C61: Tablet | E61: Tina | F61: 48 | G61: 25000 | H61: 1200000
A62: 08/06/2025 | B62: ORD061 | C62: Mobile | D62: West | E62: Sonia | F62: 14 | G62: 1200 | H62: 16800
A63: May 26, 2025 | B63: ORD062 | C63: Accessories | D63: North | E63: Riya | F63: 21 | G63: 30000 | H63: 630000
A64: 01/01/2025 | B64: ORD063 | C64: Laptop | D64: North | E64: Karan | F64: 31 | G64: 1200 | H64: 37200
A65: 2025-02-15 | B65: ORD064 | C65: Mobile | D65: West | E65: Sonia | F65: 44 | G65: 30000 | H65: 1320000
A66: 05/04/2025 | B66: ORD065 | C66: Mobile | D66: South | E66: Neha | F66: 15 | G66: 30000 | H66: 450000
A67: May 09, 2025 | B67: ORD066 | C67: Tablet | D67: South | E67: Tina | F67: 8 | G67: 15000 | H67: 120000
A68: Jan 07, 2025 | B68: ORD067 | C68: Moblie | D68: South | E68: Priya | F68: 5 | G68: 25000 | H68: 125000
A69: 2025-06-18 | B69: ORD068 | C69: Laptop | E69: Neha | F69: 27 | G69: 15000 | H69: 405000
A70: 15/01/2025 | B70: ORD069 | C70: Accessories | D70: South | E70: Manish | F70: 17 | G70: 25000 | H70: 425000
A71: Feb 04, 2025 | B71: ORD070 | C71: Mobile | D71: South | E71: Priya | F71: 8 | G71: 25000 | H71: 200000
A72: 18/04/2025 | B72: ORD071 | C72: Laptop | D72: South | E72: Priya | F72: 2 | G72: 50000 | H72: 100000
A73: 27/01/2025 | B73: ORD072 | C73: Tablet | E73: Sonia | F73: 40 | G73: 1200 | H73: 48000
A74: 2025-05-06 | B74: ORD073 | C74: Laptop | D74: West | E74: Vivek | F74: 34 | G74: 800 | H74: 27200
A75: 2025-02-13 | B75: ORD074 | C75: Mobile | D75: East | E75: Tina | F75: 33 | G75: 25000 | H75: 825000
A76: 2025-05-11 | B76: ORD075 | C76: Accessories | D76: North | E76: Rohit | F76: 34 | G76: 1200 | H76: 40800
A77: 2025-05-11 | B77: ORD076 | C77: Accessories | D77: East | E77: Tina | F77: 6 | G77: 25000 | H77: 150000
A78: 2025-01-10 | B78: ORD077 | C78: Accessories | D78: East | E78: Karan | F78: 5 | G78: 15000 | H78: 75000
A79: 20/02/2025 | B79: ORD078 | C79: Mobile | D79: South | E79: Priya | F79: 23 | G79: 800 | H79: 18400
A80: 09/01/2025 | B80: ORD079 | C80: Accessories | D80: East | E80: Sonia | F80: 49 | G80: 50000 | H80: 2450000
A81: 13/01/2025 | B81: ORD080 | C81: Mobile | D81: North | E81: Tina | F81: 47 | G81: 1200 | H81: 56400
A82: 20/02/2025 | B82: ORD081 | C82: Mobile | D82: East | E82: Amit | F82: 25 | G82: 15000 | H82: 375000
A83: 2025-03-26 | B83: ORD082 | C83: Laptop | D83: East | E83: Sonia | F83: 41 | G83: 50000 | H83: 2050000
A84: Jan 02, 2025 | B84: ORD083 | C84: Laptop | E84: Amit | F84: 40 | G84: 1200 | H84: 48000
A85: 10/06/2025 | B85: ORD084 | C85: Laptop | D85: North | E85: Karan | F85: 19 | G85: 1200 | H85: 22800
A86: 2025-01-10 | B86: ORD085 | C86: Accessories | D86: West | E86: Vivek | F86: 26 | G86: 50000 | H86: 1300000
A87: 2025-01-05 | B87: ORD086 | C87: Laptop | D87: South | E87: Riya | F87: 1 | G87: 50000 | H87: 50000
A88: 19/06/2025 | B88: ORD087 | C88: Lapotp | D88: South | E88: Neha | F88: 43 | G88: 800 | H88: 34400
A89: 27/06/2025 | B89: ORD088 | C89: Lapotp | D89: South | E89: Vivek | F89: 6 | G89: 800 | H89: 4800
A90: Mar 07, 2025 | B90: ORD089 | C90: Accesories | D90: East | E90: Priya | F90: 9 | G90: 50000 | H90: 450000
A91: 2025-04-13 | B91: ORD090 | C91: Tablet | D91: South | E91: Manish | F91: 11 | G91: 800 | H91: 8800
A92: 2025-04-21 | B92: ORD091 | C92: Tablet | D92: North | E92: Sonia | F92: 46 | G92: 15000 | H92: 689245
A93: 08/03/2025 | B93: ORD092 | C93: Laptop | D93: West | E93: Karan | F93: 12 | G93: 30000 | H93: 360000
A94: Mar 07, 2025 | B94: ORD093 | C94: Tablet | D94: West | E94: Priya | F94: 10 | G94: 50000 | H94: 500000
A95: 2025-06-25 | B95: ORD094 | C95: Accessories | D95: North | E95: Tina | F95: 42 | G95: 30000 | H95: 1260000
A96: 2025-06-08 | B96: ORD095 | C96: Accessories | D96: East | E96: Karan | F96: 26 | G96: 50000 | H96: 1300000
... A101: 09/01/2025 | B101: ORD100 | C101: Mobile | D101: East | E101: Riya | F101: 43 | G101: 15000 | H101: 644958
A102: 28/03/2025 | B102: ORD101 | C102: Tablet | E102: Tina | F102: 28 | G102: 800 | H102: 22400
A103: 22/02/2025 | B103: ORD102 | C103: Accessories | D103: West | E103: Karan | F103: 50 | G103: 1200 | H103: 60000
A104: 2025-04-09 | B104: ORD103 | C104: Laptop | D104: West | E104: Karan | F104: 27 | G104: 30000 | H104: 810000
A105: 2025-06-21 | B105: ORD104 | C105: Laptop | D105: West | E105: Neha | F105: 29 | G105: 1200 | H105: 34800
A106: Mar 27, 2025 | B106: ORD105 | C106: Moblie | D106: North | E106: Tina | F106: 38 | G106: 30000 | H106: 1140000
A107: Jan 13, 2025 | B107: ORD106 | C107: Laptop | D107: East | E107: Priya | F107: 23 | G107: 50000 | H107: 1150000
A108: 11/02/2025 | B108: ORD107 | C108: Tablet | E108: Tina | F108: 13 | G108: 50000 | H108: 650000
A109: 2025-01-17 | B109: ORD108 | C109: Accessories | D109: South | E109: Rohit | F109: 26 | G109: 50000 | H109: 1300000
A110: 2025-04-14 | B110: ORD109 | C110: Accessories | D110: North | E110: Riya | F110: 11 | G110: 50000 | H110: 550000
A111: 2025-02-03 | B111: ORD110 | C111: Tablet | D111: South | E111: Vivek | F111: 21 | G111: 800 | H111: 16800
A112: 2025-04-26 | B112: ORD111 | C112: Laptop | D112: West | E112: Neha | F112: 27 | G112: 15000 | H112: 404238
A113: Jan 11, 2025 | B113: ORD112 | C113: Laptop | D113: East | E113: Tina | F113: 14 | G113: 25000 | H113: 350000
A114: 13/02/2025 | B114: ORD113 | C114: Accessories | D114: South | E114: Riya | F114: 40 | G114: 50000 | H114: 2000000
A115: Mar 24, 2025 | B115: ORD114 | C115: Tablet | D115: North | E115: Riya | F115: 13 | G115: 25000 | H115: 325000
A116: 2025-01-01 | B116: ORD115 | C116: Mobile | D116: South | E116: Manish | F116: 1 | G116: 800 | H116: 800
A117: 2025-04-09 | B117: ORD116 | C117: Accesories | D117: North | E117: Rohit | F117: 14 | G117: 15000 | H117: 209202
A118: 2025-04-14 | B118: ORD117 | C118: Accesories | D118: West | E118: Sonia | F118: 24 | G118: 30000 | H118: 720000
A119: 08/06/2025 | B119: ORD118 | C119: Tabllet | D119: East | E119: Manish | F119: 42 | G119: 800 | H119: 33600
A120: Jun 24, 2025 | B120: ORD119 | C120: Mobile | D120: East | E120: Tina | F120: 31 | G120: 30000 | H120: 930307
... A124: Mar 09, 2025 | B124: ORD123 | C124: Tablet | D124: East | E124: Priya | F124: 23 | G124: 25000 | H124: 575000
A125: 2025-05-04 | B125: ORD124 | C125: Accessories | D125: South | F125: 16 | G125: 50000 | H125: 800000
A126: 2025-05-09 | B126: ORD125 | C126: Accessories | D126: West | E126: Karan | F126: 26 | G126: 50000 | H126: 1300000
A127: 2025-05-03 | B127: ORD126 | C127: Laptop | D127: South | E127: Riya | F127: 38 | G127: 800 | H127: 30400
...

Sheet Formatting
A1: Date Correction | E1: Proper & Trim | I1: Number Format | M1: Correct Formatted Table
A3: Date | B3: Checking format | C3: Date | E3: Product | F3: Region | G3: Sales Rep | I3: Units Sold | J3: Unit Price | K3: Total Sales | M3: Date | N3: Order ID | O3: Product | P3: Region | Q3: Sales Rep | R3: Units Sold | S3: Unit Price | T3: Total Sales
A4: Apr 28, 2025 | B4: =VALUE(A4) -> 45775 | C4: =IF(ISNUMBER(B4),B4,DATE(RIGHT(A4,4),MID(A4,4,2),LEFT(A4,2))) -> 45775 | E4: =PROPER(TRIM('RAW Data'!C2)) -> Laptop | F4: =PROPER(TRIM('RAW Data'!D2)) -> South | G4: =PROPER(TRIM('RAW Data'!E2)) -> Rohit | I4: 27 | J4: 1200 | K4: 32400 | M4: 45775 | N4: ORD001 | O4: Laptop | P4: South | Q4: Rohit | R4: 27 | S4: 1200 | T4: 32400
A5: 2025-04-08 | B5: =VALUE(A5) -> 45755 | C5: =IF(ISNUMBER(B5),B5,DATE(RIGHT(A5,4),MID(A5,4,2),LEFT(A5,2))) -> 45755 | E5: =PROPER(TRIM('RAW Data'!C3)) -> Accessories | F5: =PROPER(TRIM('RAW Data'!D3)) -> South | G5: =PROPER(TRIM('RAW Data'!E3)) -> Amit | I5: 30 | J5: 25000 | K5: 750000 | M5: 45755 | N5: ORD002 | O5: Accessories | P5: South | Q5: Amit | R5: 30 | S5: 25000 | T5: 750000
A6: 2025-03-02 | B6: =VALUE(A6) -> 45718 | C6: =IF(ISNUMBER(B6),B6,DATE(RIGHT(A6,4),MID(A6,4,2),LEFT(A6,2))) -> 45718 | E6: =PROPER(TRIM('RAW Data'!C4)) -> Tablet | F6: =PROPER(TRIM('RAW Data'!D4)) -> South | G6: =PROPER(TRIM('RAW Data'!E4)) -> Sonia | I6: 23 | J6: 25000 | K6: 575000 | M6: 45718 | N6: ORD003 | O6: Tablet | P6: South | Q6: Sonia | R6: 23 | S6: 25000 | T6: 575000
A7: 2025-02-05 | B7: =VALUE(A7) -> 45693 | C7: =IF(ISNUMBER(B7),B7,DATE(RIGHT(A7,4),MID(A7,4,2),LEFT(A7,2))) -> 45693 | E7: =PROPER(TRIM('RAW Data'!C5)) -> Mobile | F7: =PROPER(TRIM('RAW Data'!D5)) -> North | G7: =PROPER(TRIM('RAW Data'!E5)) -> Neha | I7: 6 | J7: 800 | K7: 4800 | M7: 45693 | N7: ORD004 | O7: Mobile | P7: North | Q7: Neha | R7: 6 | S7: 800 | T7: 4800
A8: Feb 18, 2025 | B8: =VALUE(A8) -> 45706 | C8: =IF(ISNUMBER(B8),B8,DATE(RIGHT(A8,4),MID(A8,4,2),LEFT(A8,2))) -> 45706 | E8: =PROPER(TRIM('RAW Data'!C6)) -> Mobile | F8: =PROPER(TRIM('RAW Data'!D6)) -> East | G8: =PROPER(TRIM('RAW Data'!E6)) -> Riya | I8: 45 | J8: 30000 | K8: 1350000 | M8: 45706 | N8: ORD005 | O8: Mobile | P8: East | Q8: Riya | R8: 45 | S8: 30000 | T8: 1350000
A9: Feb 20, 2025 | B9: =VALUE(A9) -> 45708 | C9: =IF(ISNUMBER(B9),B9,DATE(RIGHT(A9,4),MID(A9,4,2),LEFT(A9,2))) -> 45708 | E9: =PROPER(TRIM('RAW Data'!C7)) -> Accessories | F9: =PROPER(TRIM('RAW Data'!D7)) -> North | G9: =PROPER(TRIM('RAW Data'!E7)) -> Karan | I9: 23 | J9: 1200 | K9: 27600 | M9: 45708 | N9: ORD006 | O9: Accessories | P9: North | Q9: Karan | R9: 23 | S9: 1200 | T9: 27600
A10: Jun 06, 2025 | B10: =VALUE(A10) -> 45814 | C10: =IF(ISNUMBER(B10),B10,DATE(RIGHT(A10,4),MID(A10,4,2),LEFT(A10,2))) -> 45814 | E10: =PROPER(TRIM('RAW Data'!C8)) -> Tablet | F10: =PROPER(TRIM('RAW Data'!D8)) -> South | G10: =PROPER(TRIM('RAW Data'!E8)) | I10: 16 | J10: 800 | K10: 12800 | M10: 45814 | N10: ORD007 | O10: Tablet | P10: South | R10: 16 | S10: 800 | T10: 12800
A11: 04/04/2025 | B11: =VALUE(A11) -> 45751 | C11: =IF(ISNUMBER(B11),B11,DATE(RIGHT(A11,4),MID(A11,4,2),LEFT(A11,2))) -> 45751 | E11: =PROPER(TRIM('RAW Data'!C9)) -> Mobile | F11: =PROPER(TRIM('RAW Data'!D9)) -> North | G11: =PROPER(TRIM('RAW Data'!E9)) -> Tina | I11: 50 | J11: 50000 | K11: 2500000 | M11: 45751 | N11: ORD008 | O11: Mobile | P11: North | Q11: Tina | R11: 50 | S11: 50000 | T11: 2500000
A12: 01/04/2025 | B12: =VALUE(A12) -> 45661 | C12: =IF(ISNUMBER(B12),B12,DATE(RIGHT(A12,4),MID(A12,4,2),LEFT(A12,2))) -> 45661 | E12: =PROPER(TRIM('RAW Data'!C10)) -> Accessories | F12: =PROPER(TRIM('RAW Data'!D10)) -> North | G12: =PROPER(TRIM('RAW Data'!E10)) -> Sonia | I12: 37 | J12: 15000 | K12: 555000 | M12: 45661 | N12: ORD009 | O12: Accessories | P12: North | Q12: Sonia | R12: 37 | S12: 15000 | T12: 555000
A13: 07/06/2025 | B13: =VALUE(A13) -> 45844 | C13: =IF(ISNUMBER(B13),B13,DATE(RIGHT(A13,4),MID(A13,4,2),LEFT(A13,2))) -> 45844 | E13: =PROPER(TRIM('RAW Data'!C11)) -> Laptop | F13: =PROPER(TRIM('RAW Data'!D11)) -> South | G13: =PROPER(TRIM('RAW Data'!E11)) -> Neha | I13: 40 | J13: 800 | K13: 32000 | M13: 45844 | N13: ORD010 | O13: Laptop | P13: South | Q13: Neha | R13: 40 | S13: 800 | T13: 32000
A14: Mar 15, 2025 | B14: =VALUE(A14) -> 45731 | C14: =IF(ISNUMBER(B14),B14,DATE(RIGHT(A14,4),MID(A14,4,2),LEFT(A14,2))) -> 45731 | E14: =PROPER(TRIM('RAW Data'!C12)) -> Mobile | F14: =PROPER(TRIM('RAW Data'!D12)) -> East | G14: =PROPER(TRIM('RAW Data'!E12)) -> Manish | I14: 41 | J14: 800 | K14: 32800 | M14: 45731 | N14: ORD011 | O14: Mobile | P14: East | Q14: Manish | R14: 41 | S14: 800 | T14: 32800
A15: Apr 25, 2025 | B15: =VALUE(A15) -> 45772 | C15: =IF(ISNUMBER(B15),B15,DATE(RIGHT(A15,4),MID(A15,4,2),LEFT(A15,2))) -> 45772 | E15: =PROPER(TRIM('RAW Data'!C13)) -> Accessories | F15: =PROPER(TRIM('RAW Data'!D13)) -> East | G15: =PROPER(TRIM('RAW Data'!E13)) -> Manish | I15: 27 | J15: 50000 | K15: 1350000 | M15: 45772 | N15: ORD012 | O15: Accessories | P15: East | Q15: Manish | R15: 27 | S15: 50000 | T15: 1350000
A16: 26/03/2025 | B16: =VALUE(A16) -> #VALUE! | C16: =IF(ISNUMBER(B16),B16,DATE(RIGHT(A16,4),MID(A16,4,2),LEFT(A16,2))) -> 45742 | E16: =PROPER(TRIM('RAW Data'!C14)) -> Accessories | F16: =PROPER(TRIM('RAW Data'!D14)) -> West | G16: =PROPER(TRIM('RAW Data'!E14)) -> Tina | I16: 32 | J16: 25000 | K16: 799549 | M16: 45742 | N16: ORD013 | O16: Accessories | P16: West | Q16: Tina | R16: 32 | S16: 25000 | T16: 799549
A17: Feb 18, 2025 | B17: =VALUE(A17) -> 45706 | C17: =IF(ISNUMBER(B17),B17,DATE(RIGHT(A17,4),MID(A17,4,2),LEFT(A17,2))) -> 45706 | E17: =PROPER(TRIM('RAW Data'!C15)) -> Accessories | F17: =PROPER(TRIM('RAW Data'!D15)) -> North | G17: =PROPER(TRIM('RAW Data'!E15)) -> Tina | I17: 12 | J17: 30000 | K17: 360000 | M17: 45706 | N17: ORD014 | O17: Accessories | P17: North | Q17: Tina | R17: 12 | S17: 30000 | T17: 360000
A18: May 31, 2025 | B18: =VALUE(A18) -> 45808 | C18: =IF(ISNUMBER(B18),B18,DATE(RIGHT(A18,4),MID(A18,4,2),LEFT(A18,2))) -> 45808 | E18: =PROPER(TRIM('RAW Data'!C16)) -> Laptop | F18: =PROPER(TRIM('RAW Data'!D16)) -> West | G18: =PROPER(TRIM('RAW Data'!E16)) -> Neha | I18: 26 | J18: 25000 | K18: 650000 | M18: 45808 | N18: ORD015 | O18: Laptop | P18: West | Q18: Neha | R18: 26 | S18: 25000 | T18: 650000
A19: 2025-04-24 | B19: =VALUE(A19) -> 45771 | C19: =IF(ISNUMBER(B19),B19,DATE(RIGHT(A19,4),MID(A19,4,2),LEFT(A19,2))) -> 45771 | E19: =PROPER(TRIM('RAW Data'!C17)) -> Accessories | F19: =PROPER(TRIM('RAW Data'!D17)) -> East | G19: =PROPER(TRIM('RAW Data'!E17)) -> Priya | I19: 41 | J19: 50000 | K19: 2050000 | M19: 45771 | N19: ORD016 | O19: Accessories | P19: East | Q19: Priya | R19: 41 | S19: 50000 | T19: 2050000
A20: 08/01/2025 | B20: =VALUE(A20) -> 45870 | C20: =IF(ISNUMBER(B20),B20,DATE(RIGHT(A20,4),MID(A20,4,2),LEFT(A20,2))) -> 45870 | E20: =PROPER(TRIM('RAW Data'!C18)) -> Accessories | F20: =PROPER(TRIM('RAW Data'!D18)) -> West | G20: =PROPER(TRIM('RAW Data'!E18)) -> Tina | I20: 31 | J20: 1200 | K20: 37200 | M20: 45870 | N20: ORD017 | O20: Accessories | P20: West | Q20: Tina | R20: 31 | S20: 1200 | T20: 37200
A21: 21/03/2025 | B21: =VALUE(A21) -> #VALUE! | C21: =IF(ISNUMBER(B21),B21,DATE(RIGHT(A21,4),MID(A21,4,2),LEFT(A21,2))) -> 45737 | E21: =PROPER(TRIM('RAW Data'!C19)) -> Mobile | F21: =PROPER(TRIM('RAW Data'!D19)) -> East | G21: =PROPER(TRIM('RAW Data'!E19)) -> Rohit | I21: 32 | J21: 1200 | K21: 38400 | M21: 45737 | N21: ORD018 | O21: Mobile | P21: East | Q21: Rohit | R21: 32 | S21: 1200 | T21: 38400
A22: 2025-03-13 | B22: =VALUE(A22) -> 45729 | C22: =IF(ISNUMBER(B22),B22,DATE(RIGHT(A22,4),MID(A22,4,2),LEFT(A22,2))) -> 45729 | E22: =PROPER(TRIM('RAW Data'!C20)) -> Accessories | F22: =PROPER(TRIM('RAW Data'!D20)) -> North | G22: =PROPER(TRIM('RAW Data'!E20)) -> Priya | I22: 24 | J22: 50000 | K22: 1200000 | M22: 45729 | N22: ORD019 | O22: Accessories | P22: North | Q22: Priya | R22: 24 | S22: 50000 | T22: 1200000
... A43: 12/05/2025 | B43: =VALUE(A43) -> 45996 | C43: =IF(ISNUMBER(B43),B43,DATE(RIGHT(A43,4),MID(A43,4,2),LEFT(A43,2))) -> 45996 | E43: =PROPER(TRIM('RAW Data'!C41)) -> Mobile | F43: =PROPER(TRIM('RAW Data'!D41)) -> West | G43: =PROPER(TRIM('RAW Data'!E41)) -> Neha | I43: 16 | J43: 50000 | K43: 800000 | M43: 45996 | N43: ORD040 | O43: Mobile | P43: West | Q43: Neha | R43: 16 | S43: 50000 | T43: 800000
A44: 13/04/2025 | B44: =VALUE(A44) -> #VALUE! | C44: =IF(ISNUMBER(B44),B44,DATE(RIGHT(A44,4),MID(A44,4,2),LEFT(A44,2))) -> 45760 | E44: =PROPER(TRIM('RAW Data'!C42)) -> Laptop | F44: =PROPER(TRIM('RAW Data'!D42)) -> West | G44: =PROPER(TRIM('RAW Data'!E42)) | I44: 30 | J44: 800 | K44: 24000 | M44: 45760 | N44: ORD041 | O44: Laptop | P44: West | R44: 30 | S44: 800 | T44: 24000
A45: May 17, 2025 | B45: =VALUE(A45) -> 45794 | C45: =IF(ISNUMBER(B45),B45,DATE(RIGHT(A45,4),MID(A45,4,2),LEFT(A45,2))) -> 45794 | E45: =PROPER(TRIM('RAW Data'!C43)) -> Moblie | F45: =PROPER(TRIM('RAW Data'!D43)) | G45: =PROPER(TRIM('RAW Data'!E43)) -> Manish | I45: 3 | J45: 800 | K45: 2400 | M45: 45794 | N45: ORD042 | O45: Moblie | Q45: Manish | R45: 3 | S45: 800 | T45: 2400
A46: 2025-02-24 | B46: =VALUE(A46) -> 45712 | C46: =IF(ISNUMBER(B46),B46,DATE(RIGHT(A46,4),MID(A46,4,2),LEFT(A46,2))) -> 45712 | E46: =PROPER(TRIM('RAW Data'!C44)) -> Laptop | F46: =PROPER(TRIM('RAW Data'!D44)) -> North | G46: =PROPER(TRIM('RAW Data'!E44)) -> Amit | I46: 40 | J46: 25000 | K46: 1000000 | M46: 45712 | N46: ORD043 | O46: Laptop | P46: North | Q46: Amit | R46: 40 | S46: 25000 | T46: 1000000
A47: 2025-03-11 | B47: =VALUE(A47) -> 45727 | C47: =IF(ISNUMBER(B47),B47,DATE(RIGHT(A47,4),MID(A47,4,2),LEFT(A47,2))) -> 45727 | E47: =PROPER(TRIM('RAW Data'!C45)) -> Mobile | F47: =PROPER(TRIM('RAW Data'!D45)) -> South | G47: =PROPER(TRIM('RAW Data'!E45)) -> Neha | I47: 7 | J47: 30000 | K47: 210000 | M47: 45727 | N47: ORD044 | O47: Mobile | P47: South | Q47: Neha | R47: 7 | S47: 30000 | T47: 210000
A48: Jun 24, 2025 | B48: =VALUE(A48) -> 45832 | C48: =IF(ISNUMBER(B48),B48,DATE(RIGHT(A48,4),MID(A48,4,2),LEFT(A48,2))) -> 45832 | E48: =PROPER(TRIM('RAW Data'!C46)) -> Mobile | F48: =PROPER(TRIM('RAW Data'!D46)) -> East | G48: =PROPER(TRIM('RAW Data'!E46)) -> Riya | I48: 13 | J48: 30000 | K48: 390000 | M48: 45832 | N48: ORD045 | O48: Mobile | P48: East | Q48: Riya | R48: 13 | S48: 30000 | T48: 390000
A49: 2025-02-17 | B49: =VALUE(A49) -> 45705 | C49: =IF(ISNUMBER(B49),B49,DATE(RIGHT(A49,4),MID(A49,4,2),LEFT(A49,2))) -> 45705 | E49: =PROPER(TRIM('RAW Data'!C47)) -> Mobile | F49: =PROPER(TRIM('RAW Data'!D47)) -> South | G49: =PROPER(TRIM('RAW Data'!E47)) -> Rohit | I49: 29 | J49: 1200 | K49: 34800 | M49: 45705 | N49: ORD046 | O49: Mobile | P49: South | Q49: Rohit | R49: 29 | S49: 1200 | T49: 34800
A50: 2025-01-20 | B50: =VALUE(A50) -> 45677 | C50: =IF(ISNUMBER(B50),B50,DATE(RIGHT(A50,4),MID(A50,4,2),LEFT(A50,2))) -> 45677 | E50: =PROPER(TRIM('RAW Data'!C48)) -> Laptop | F50: =PROPER(TRIM('RAW Data'!D48)) -> West | G50: =PROPER(TRIM('RAW Data'!E48)) -> Riya | I50: 45 | J50: 30000 | K50: 1350000 | M50: 45677 | N50: ORD047 | O50: Laptop | P50: West | Q50: Riya | R50: 45 | S50: 30000 | T50: 1350000
A51: 2025-06-04 | B51: =VALUE(A51) -> 45812 | C51: =IF(ISNUMBER(B51),B51,DATE(RIGHT(A51,4),MID(A51,4,2),LEFT(A51,2))) -> 45812 | E51: =PROPER(TRIM('RAW Data'!C49)) -> Laptop | F51: =PROPER(TRIM('RAW Data'!D49)) -> South | G51: =PROPER(TRIM('RAW Data'!E49)) -> Vivek | I51: 45 | J51: 15000 | K51: 675000 | M51: 45812 | N51: ORD048 | O51: Laptop | P51: South | Q51: Vivek | R51: 45 | S51: 15000 | T51: 675000
A52: 2025-03-16 | B52: =VALUE(A52) -> 45732 | C52: =IF(ISNUMBER(B52),B52,DATE(RIGHT(A52,4),MID(A52,4,2),LEFT(A52,2))) -> 45732 | E52: =PROPER(TRIM('RAW Data'!C50)) -> Accessories | F52: =PROPER(TRIM('RAW Data'!D50)) -> South | G52: =PROPER(TRIM('RAW Data'!E50)) -> Sonia | I52: 19 | J52: 800 | K52: 15200 | M52: 45732 | N52: ORD049 | O52: Accessories | P52: South | Q52: Sonia | R52: 19 | S52: 800 | T52: 15200
A53: 2025-02-15 | B53: =VALUE(A53) -> 45703 | C53: =IF(ISNUMBER(B53),B53,DATE(RIGHT(A53,4),MID(A53,4,2),LEFT(A53,2))) -> 45703 | E53: =PROPER(TRIM('RAW Data'!C51)) -> Tablet | F53: =PROPER(TRIM('RAW Data'!D51)) -> West | G53: =PROPER(TRIM('RAW Data'!E51)) -> Rohit | I53: 47 | J53: 25000 | K53: 1175000 | M53: 45703 | N53: ORD050 | O53: Tablet | P53: West | Q53: Rohit | R53: 47 | S53: 25000 | T53: 1175000
A54: 16/03/2025 | B54: =VALUE(A54) -> #VALUE! | C54: =IF(ISNUMBER(B54),B54,DATE(RIGHT(A54,4),MID(A54,4,2),LEFT(A54,2))) -> 45732 | E54: =PROPER(TRIM('RAW Data'!C52)) -> Mobile | F54: =PROPER(TRIM('RAW Data'!D52)) -> East | G54: =PROPER(TRIM('RAW Data'!E52)) -> Karan | I54: 10 | J54: 800 | K54: 7346 | M54: 45732 | N54: ORD051 | O54: Mobile | P54: East | Q54: Karan | R54: 10 | S54: 800 | T54: 7346
A55: 2025-06-07 | B55: =VALUE(A55) -> 45815 | C55: =IF(ISNUMBER(B55),B55,DATE(RIGHT(A55,4),MID(A55,4,2),LEFT(A55,2))) -> 45815 | E55: =PROPER(TRIM('RAW Data'!C53)) -> Laptop | F55: =PROPER(TRIM('RAW Data'!D53)) | G55: =PROPER(TRIM('RAW Data'!E53)) -> Amit | I55: 42 | J55: 15000 | K55: 630000 | M55: 45815 | N55: ORD052 | O55: Laptop | Q55: Amit | R55: 42 | S55: 15000 | T55: 630000
A56: 04/04/2025 | B56: =VALUE(A56) -> 45751 | C56: =IF(ISNUMBER(B56),B56,DATE(RIGHT(A56,4),MID(A56,4,2),LEFT(A56,2))) -> 45751 | E56: =PROPER(TRIM('RAW Data'!C54)) -> Mobile | F56: =PROPER(TRIM('RAW Data'!D54)) -> West | G56: =PROPER(TRIM('RAW Data'!E54)) -> Priya | I56: 19 | J56: 800 | K56: 15200 | M56: 45751 | N56: ORD053 | O56: Mobile | P56: West | Q56: Priya | R56: 19 | S56: 800 | T56: 15200
A57: 2025-01-29 | B57: =VALUE(A57) -> 45686 | C57: =IF(ISNUMBER(B57),B57,DATE(RIGHT(A57,4),MID(A57,4,2),LEFT(A57,2))) -> 45686 | E57: =PROPER(TRIM('RAW Data'!C55)) -> Accessories | F57: =PROPER(TRIM('RAW Data'!D55)) | G57: =PROPER(TRIM('RAW Data'!E55)) | I57: 49 | J57: 50000 | K57: 2450000 | M57: 45686 | N57: ORD054 | O57: Accessories | R57: 49 | S57: 50000 | T57: 2450000
A58: 2025-06-11 | B58: =VALUE(A58) -> 45819 | C58: =IF(ISNUMBER(B58),B58,DATE(RIGHT(A58,4),MID(A58,4,2),LEFT(A58,2))) -> 45819 | E58: =PROPER(TRIM('RAW Data'!C56)) -> Lapotp | F58: =PROPER(TRIM('RAW Data'!D56)) -> East | G58: =PROPER(TRIM('RAW Data'!E56)) -> Rohit | I58: 14 | J58: 15000 | K58: 210000 | M58: 45819 | N58: ORD055 | O58: Lapotp | P58: East | Q58: Rohit | R58: 14 | S58: 15000 | T58: 210000
A59: 2025-05-27 | B59: =VALUE(A59) -> 45804 | C59: =IF(ISNUMBER(B59),B59,DATE(RIGHT(A59,4),MID(A59,4,2),LEFT(A59,2))) -> 45804 | E59: =PROPER(TRIM('RAW Data'!C57)) -> Mobile | F59: =PROPER(TRIM('RAW Data'!D57)) -> West | G59: =PROPER(TRIM('RAW Data'!E57)) -> Sonia | I59: 10 | J59: 1200 | K59: 12000 | M59: 45804 | N59: ORD056 | O59: Mobile | P59: West | Q59: Sonia | R59: 10 | S59: 1200 | T59: 12000
A60: 18/03/2025 | B60: =VALUE(A60) -> #VALUE! | C60: =IF(ISNUMBER(B60),B60,DATE(RIGHT(A60,4),MID(A60,4,2),LEFT(A60,2))) -> 45734 | E60: =PROPER(TRIM('RAW Data'!C58)) -> Tablet | F60: =PROPER(TRIM('RAW Data'!D58)) -> North | G60: =PROPER(TRIM('RAW Data'!E58)) -> Sonia | I60: 24 | J60: 30000 | K60: 720000 | M60: 45734 | N60: ORD057 | O60: Tablet | P60: North | Q60: Sonia | R60: 24 | S60: 30000 | T60: 720000
A61: 2025-02-23 | B61: =VALUE(A61) -> 45711 | C61: =IF(ISNUMBER(B61),B61,DATE(RIGHT(A61,4),MID(A61,4,2),LEFT(A61,2))) -> 45711 | E61: =PROPER(TRIM('RAW Data'!C59)) -> Laptop | F61: =PROPER(TRIM('RAW Data'!D59)) -> West | G61: =PROPER(TRIM('RAW Data'!E59)) -> Sonia | I61: 23 | J61: 25000 | K61: 575000 | M61: 45711 | N61: ORD058 | O61: Laptop | P61: West | Q61: Sonia | R61: 23 | S61: 25000 | T61: 575000
A62: 2025-02-05 | B62: =VALUE(A62) -> 45693 | C62: =IF(ISNUMBER(B62),B62,DATE(RIGHT(A62,4),MID(A62,4,2),LEFT(A62,2))) -> 45693 | E62: =PROPER(TRIM('RAW Data'!C60)) -> Laptop | F62: =PROPER(TRIM('RAW Data'!D60)) -> West | G62: =PROPER(TRIM('RAW Data'!E60)) -> Vivek | I62: 7 | J62: 25000 | K62: 175000 | M62: 45693 | N62: ORD059 | O62: Laptop | P62: West | Q62: Vivek | R62: 7 | S62: 25000 | T62: 175000
A63: 22/04/2025 | B63: =VALUE(A63) -> #VALUE! | C63: =IF(ISNUMBER(B63),B63,DATE(RIGHT(A63,4),MID(A63,4,2),LEFT(A63,2))) -> 45769 | E63: =PROPER(TRIM('RAW Data'!C61)) -> Tablet | F63: =PROPER(TRIM('RAW Data'!D61)) | G63: =PROPER(TRIM('RAW Data'!E61)) -> Tina | I63: 48 | J63: 25000 | K63: 1200000 | M63: 45769 | N63: ORD060 | O63: Tablet | Q63: Tina | R63: 48 | S63: 25000 | T63: 1200000
A64: 08/06/2025 | B64: =VALUE(A64) -> 45875 | C64: =IF(ISNUMBER(B64),B64,DATE(RIGHT(A64,4),MID(A64,4,2),LEFT(A64,2))) -> 45875 | E64: =PROPER(TRIM('RAW Data'!C62)) -> Mobile | F64: =PROPER(TRIM('RAW Data'!D62)) -> West | G64: =PROPER(TRIM('RAW Data'!E62)) -> Sonia | I64: 14 | J64: 1200 | K64: 16800 | M64: 45875 | N64: ORD061 | O64: Mobile | P64: West | Q64: Sonia | R64: 14 | S64: 1200 | T64: 16800
A65: May 26, 2025 | B65: =VALUE(A65) -> 45803 | C65: =IF(ISNUMBER(B65),B65,DATE(RIGHT(A65,4),MID(A65,4,2),LEFT(A65,2))) -> 45803 | E65: =PROPER(TRIM('RAW Data'!C63)) -> Accessories | F65: =PROPER(TRIM('RAW Data'!D63)) -> North | G65: =PROPER(TRIM('RAW Data'!E63)) -> Riya | I65: 21 | J65: 30000 | K65: 630000 | M65: 45803 | N65: ORD062 | O65: Accessories | P65: North | Q65: Riya | R65: 21 | S65: 30000 | T65: 630000
A66: 01/01/2025 | B66: =VALUE(A66) -> 45658 | C66: =IF(ISNUMBER(B66),B66,DATE(RIGHT(A66,4),MID(A66,4,2),LEFT(A66,2))) -> 45658 | E66: =PROPER(TRIM('RAW Data'!C64)) -> Laptop | F66: =PROPER(TRIM('RAW Data'!D64)) -> North | G66: =PROPER(TRIM('RAW Data'!E64)) -> Karan | I66: 31 | J66: 1200 | K66: 37200 | M66: 45658 | N66: ORD063 | O66: Laptop | P66: North | Q66: Karan | R66: 31 | S66: 1200 | T66: 37200
A67: 2025-02-15 | B67: =VALUE(A67) -> 45703 | C67: =IF(ISNUMBER(B67),B67,DATE(RIGHT(A67,4),MID(A67,4,2),LEFT(A67,2))) -> 45703 | E67: =PROPER(TRIM('RAW Data'!C65)) -> Mobile | F67: =PROPER(TRIM('RAW Data'!D65)) -> West | G67: =PROPER(TRIM('RAW Data'!E65)) -> Sonia | I67: 44 | J67: 30000 | K67: 1320000 | M67: 45703 | N67: ORD064 | O67: Mobile | P67: West | Q67: Sonia | R67: 44 | S67: 30000 | T67: 1320000
A68: 05/04/2025 | B68: =VALUE(A68) -> 45781 | C68: =IF(ISNUMBER(B68),B68,DATE(RIGHT(A68,4),MID(A68,4,2),LEFT(A68,2))) -> 45781 | E68: =PROPER(TRIM('RAW Data'!C66)) -> Mobile | F68: =PROPER(TRIM('RAW Data'!D66)) -> South | G68: =PROPER(TRIM('RAW Data'!E66)) -> Neha | I68: 15 | J68: 30000 | K68: 450000 | M68: 45781 | N68: ORD065 | O68: Mobile | P68: South | Q68: Neha | R68: 15 | S68: 30000 | T68: 450000
A69: May 09, 2025 | B69: =VALUE(A69) -> 45786 | C69: =IF(ISNUMBER(B69),B69,DATE(RIGHT(A69,4),MID(A69,4,2),LEFT(A69,2))) -> 45786 | E69: =PROPER(TRIM('RAW Data'!C67)) -> Tablet | F69: =PROPER(TRIM('RAW Data'!D67)) -> South | G69: =PROPER(TRIM('RAW Data'!E67)) -> Tina | I69: 8 | J69: 15000 | K69: 120000 | M69: 45786 | N69: ORD066 | O69: Tablet | P69: South | Q69: Tina | R69: 8 | S69: 15000 | T69: 120000
A70: Jan 07, 2025 | B70: =VALUE(A70) -> 45664 | C70: =IF(ISNUMBER(B70),B70,DATE(RIGHT(A70,4),MID(A70,4,2),LEFT(A70,2))) -> 45664 | E70: =PROPER(TRIM('RAW Data'!C68)) -> Moblie | F70: =PROPER(TRIM('RAW Data'!D68)) -> South | G70: =PROPER(TRIM('RAW Data'!E68)) -> Priya | I70: 5 | J70: 25000 | K70: 125000 | M70: 45664 | N70: ORD067 | O70: Moblie | P70: South | Q70: Priya | R70: 5 | S70: 25000 | T70: 125000
A71: 2025-06-18 | B71: =VALUE(A71) -> 45826 | C71: =IF(ISNUMBER(B71),B71,DATE(RIGHT(A71,4),MID(A71,4,2),LEFT(A71,2))) -> 45826 | E71: =PROPER(TRIM('RAW Data'!C69)) -> Laptop | F71: =PROPER(TRIM('RAW Data'!D69)) | G71: =PROPER(TRIM('RAW Data'!E69)) -> Neha | I71: 27 | J71: 15000 | K71: 405000 | M71: 45826 | N71: ORD068 | O71: Laptop | Q71: Neha | R71: 27 | S71: 15000 | T71: 405000
A72: 15/01/2025 | B72: =VALUE(A72) -> #VALUE! | C72: =IF(ISNUMBER(B72),B72,DATE(RIGHT(A72,4),MID(A72,4,2),LEFT(A72,2))) -> 45672 | E72: =PROPER(TRIM('RAW Data'!C70)) -> Accessories | F72: =PROPER(TRIM('RAW Data'!D70)) -> South | G72: =PROPER(TRIM('RAW Data'!E70)) -> Manish | I72: 17 | J72: 25000 | K72: 425000 | M72: 45672 | N72: ORD069 | O72: Accessories | P72: South | Q72: Manish | R72: 17 | S72: 25000 | T72: 425000
A73: Feb 04, 2025 | B73: =VALUE(A73) -> 45692 | C73: =IF(ISNUMBER(B73),B73,DATE(RIGHT(A73,4),MID(A73,4,2),LEFT(A73,2))) -> 45692 | E73: =PROPER(TRIM('RAW Data'!C71)) -> Mobile | F73: =PROPER(TRIM('RAW Data'!D71)) -> South | G73: =PROPER(TRIM('RAW Data'!E71)) -> Priya | I73: 8 | J73: 25000 | K73: 200000 | M73: 45692 | N73: ORD070 | O73: Mobile | P73: South | Q73: Priya | R73: 8 | S73: 25000 | T73: 200000
A74: 18/04/2025 | B74: =VALUE(A74) -> #VALUE! | C74: =IF(ISNUMBER(B74),B74,DATE(RIGHT(A74,4),MID(A74,4,2),LEFT(A74,2))) -> 45765 | E74: =PROPER(TRIM('RAW Data'!C72)) -> Laptop | F74: =PROPER(TRIM('RAW Data'!D72)) -> South | G74: =PROPER(TRIM('RAW Data'!E72)) -> Priya | I74: 2 | J74: 50000 | K74: 100000 | M74: 45765 | N74: ORD071 | O74: Laptop | P74: South | Q74: Priya | R74: 2 | S74: 50000 | T74: 100000
A75: 27/01/2025 | B75: =VALUE(A75) -> #VALUE! | C75: =IF(ISNUMBER(B75),B75,DATE(RIGHT(A75,4),MID(A75,4,2),LEFT(A75,2))) -> 45684 | E75: =PROPER(TRIM('RAW Data'!C73)) -> Tablet | F75: =PROPER(TRIM('RAW Data'!D73)) | G75: =PROPER(TRIM('RAW Data'!E73)) -> Sonia | I75: 40 | J75: 1200 | K75: 48000 | M75: 45684 | N75: ORD072 | O75: Tablet | Q75: Sonia | R75: 40 | S75: 1200 | T75: 48000
A76: 2025-05-06 | B76: =VALUE(A76) -> 45783 | C76: =IF(ISNUMBER(B76),B76,DATE(RIGHT(A76,4),MID(A76,4,2),LEFT(A76,2))) -> 45783 | E76: =PROPER(TRIM('RAW Data'!C74)) -> Laptop | F76: =PROPER(TRIM('RAW Data'!D74)) -> West | G76: =PROPER(TRIM('RAW Data'!E74)) -> Vivek | I76: 34 | J76: 800 | K76: 27200 | M76: 45783 | N76: ORD073 | O76: Laptop | P76: West | Q76: Vivek | R76: 34 | S76: 800 | T76: 27200
A77: 2025-02-13 | B77: =VALUE(A77) -> 45701 | C77: =IF(ISNUMBER(B77),B77,DATE(RIGHT(A77,4),MID(A77,4,2),LEFT(A77,2))) -> 45701 | E77: =PROPER(TRIM('RAW Data'!C75)) -> Mobile | F77: =PROPER(TRIM('RAW Data'!D75)) -> East | G77: =PROPER(TRIM('RAW Data'!E75)) -> Tina | I77: 33 | J77: 25000 | K77: 825000 | M77: 45701 | N77: ORD074 | O77: Mobile | P77: East | Q77: Tina | R77: 33 | S77: 25000 | T77: 825000
A78: 2025-05-11 | B78: =VALUE(A78) -> 45788 | C78: =IF(ISNUMBER(B78),B78,DATE(RIGHT(A78,4),MID(A78,4,2),LEFT(A78,2))) -> 45788 | E78: =PROPER(TRIM('RAW Data'!C76)) -> Accessories | F78: =PROPER(TRIM('RAW Data'!D76)) -> North | G78: =PROPER(TRIM('RAW Data'!E76)) -> Rohit | I78: 34 | J78: 1200 | K78: 40800 | M78: 45788 | N78: ORD075 | O78: Accessories | P78: North | Q78: Rohit | R78: 34 | S78: 1200 | T78: 40800
A79: 2025-05-11 | B79: =VALUE(A79) -> 45788 | C79: =IF(ISNUMBER(B79),B79,DATE(RIGHT(A79,4),MID(A79,4,2),LEFT(A79,2))) -> 45788 | E79: =PROPER(TRIM('RAW Data'!C77)) -> Accessories | F79: =PROPER(TRIM('RAW Data'!D77)) -> East | G79: =PROPER(TRIM('RAW Data'!E77)) -> Tina | I79: 6 | J79: 25000 | K79: 150000 | M79: 45788 | N79: ORD076 | O79: Accessories | P79: East | Q79: Tina | R79: 6 | S79: 25000 | T79: 150000
A80: 2025-01-10 | B80: =VALUE(A80) -> 45667 | C80: =IF(ISNUMBER(B80),B80,DATE(RIGHT(A80,4),MID(A80,4,2),LEFT(A80,2))) -> 45667 | E80: =PROPER(TRIM('RAW Data'!C78)) -> Accessories | F80: =PROPER(TRIM('RAW Data'!D78)) -> East | G80: =PROPER(TRIM('RAW Data'!E78)) -> Karan | I80: 5 | J80: 15000 | K80: 75000 | M80: 45667 | N80: ORD077 | O80: Accessories | P80: East | Q80: Karan | R80: 5 | S80: 15000 | T80: 75000
A81: 20/02/2025 | B81: =VALUE(A81) -> #VALUE! | C81: =IF(ISNUMBER(B81),B81,DATE(RIGHT(A81,4),MID(A81,4,2),LEFT(A81,2))) -> 45708 | E81: =PROPER(TRIM('RAW Data'!C79)) -> Mobile | F81: =PROPER(TRIM('RAW Data'!D79)) -> South | G81: =PROPER(TRIM('RAW Data'!E79)) -> Priya | I81: 23 | J81: 800 | K81: 18400 | M81: 45708 | N81: ORD078 | O81: Mobile | P81: South | Q81: Priya | R81: 23 | S81: 800 | T81: 18400
A82: 09/01/2025 | B82: =VALUE(A82) -> 45901 | C82: =IF(ISNUMBER(B82),B82,DATE(RIGHT(A82,4),MID(A82,4,2),LEFT(A82,2))) -> 45901 | E82: =PROPER(TRIM('RAW Data'!C80)) -> Accessories | F82: =PROPER(TRIM('RAW Data'!D80)) -> East | G82: =PROPER(TRIM('RAW Data'!E80)) -> Sonia | I82: 49 | J82: 50000 | K82: 2450000 | M82: 45901 | N82: ORD079 | O82: Accessories | P82: East | Q82: Sonia | R82: 49 | S82: 50000 | T82: 2450000
A83: 13/01/2025 | B83: =VALUE(A83) -> #VALUE! | C83: =IF(ISNUMBER(B83),B83,DATE(RIGHT(A83,4),MID(A83,4,2),LEFT(A83,2))) -> 45670 | E83: =PROPER(TRIM('RAW Data'!C81)) -> Mobile | F83: =PROPER(TRIM('RAW Data'!D81)) -> North | G83: =PROPER(TRIM('RAW Data'!E81)) -> Tina | I83: 47 | J83: 1200 | K83: 56400 | M83: 45670 | N83: ORD080 | O83: Mobile | P83: North | Q83: Tina | R83: 47 | S83: 1200 | T83: 56400
A84: 20/02/2025 | B84: =VALUE(A84) -> #VALUE! | C84: =IF(ISNUMBER(B84),B84,DATE(RIGHT(A84,4),MID(A84,4,2),LEFT(A84,2))) -> 45708 | E84: =PROPER(TRIM('RAW Data'!C82)) -> Mobile | F84: =PROPER(TRIM('RAW Data'!D82)) -> East | G84: =PROPER(TRIM('RAW Data'!E82)) -> Amit | I84: 25 | J84: 15000 | K84: 375000 | M84: 45708 | N84: ORD081 | O84: Mobile | P84: East | Q84: Amit | R84: 25 | S84: 15000 | T84: 375000
A85: 2025-03-26 | B85: =VALUE(A85) -> 45742 | C85: =IF(ISNUMBER(B85),B85,DATE(RIGHT(A85,4),MID(A85,4,2),LEFT(A85,2))) -> 45742 | E85: =PROPER(TRIM('RAW Data'!C83)) -> Laptop | F85: =PROPER(TRIM('RAW Data'!D83)) -> East | G85: =PROPER(TRIM('RAW Data'!E83)) -> Sonia | I85: 41 | J85: 50000 | K85: 2050000 | M85: 45742 | N85: ORD082 | O85: Laptop | P85: East | Q85: Sonia | R85: 41 | S85: 50000 | T85: 2050000
A86: Jan 02, 2025 | B86: =VALUE(A86) -> 45659 | C86: =IF(ISNUMBER(B86),B86,DATE(RIGHT(A86,4),MID(A86,4,2),LEFT(A86,2))) -> 45659 | E86: =PROPER(TRIM('RAW Data'!C84)) -> Laptop | F86: =PROPER(TRIM('RAW Data'!D84)) | G86: =PROPER(TRIM('RAW Data'!E84)) -> Amit | I86: 40 | J86: 1200 | K86: 48000 | M86: 45659 | N86: ORD083 | O86: Laptop | Q86: Amit | R86: 40 | S86: 1200 | T86: 48000
A87: 10/06/2025 | B87: =VALUE(A87) -> 45936 | C87: =IF(ISNUMBER(B87),B87,DATE(RIGHT(A87,4),MID(A87,4,2),LEFT(A87,2))) -> 45936 | E87: =PROPER(TRIM('RAW Data'!C85)) -> Laptop | F87: =PROPER(TRIM('RAW Data'!D85)) -> North | G87: =PROPER(TRIM('RAW Data'!E85)) -> Karan | I87: 19 | J87: 1200 | K87: 22800 | M87: 45936 | N87: ORD084 | O87: Laptop | P87: North | Q87: Karan | R87: 19 | S87: 1200 | T87: 22800
A88: 2025-01-10 | B88: =VALUE(A88) -> 45667 | C88: =IF(ISNUMBER(B88),B88,DATE(RIGHT(A88,4),MID(A88,4,2),LEFT(A88,2))) -> 45667 | E88: =PROPER(TRIM('RAW Data'!C86)) -> Accessories | F88: =PROPER(TRIM('RAW Data'!D86)) -> West | G88: =PROPER(TRIM('RAW Data'!E86)) -> Vivek | I88: 26 | J88: 50000 | K88: 1300000 | M88: 45667 | N88: ORD085 | O88: Accessories | P88: West | Q88: Vivek | R88: 26 | S88: 50000 | T88: 1300000
A89: 2025-01-05 | B89: =VALUE(A89) -> 45662 | C89: =IF(ISNUMBER(B89),B89,DATE(RIGHT(A89,4),MID(A89,4,2),LEFT(A89,2))) -> 45662 | E89: =PROPER(TRIM('RAW Data'!C87)) -> Laptop | F89: =PROPER(TRIM('RAW Data'!D87)) -> South | G89: =PROPER(TRIM('RAW Data'!E87)) -> Riya | I89: 1 | J89: 50000 | K89: 50000 | M89: 45662 | N89: ORD086 | O89: Laptop | P89: South | Q89: Riya | R89: 1 | S89: 50000 | T89: 50000
A90: 19/06/2025 | B90: =VALUE(A90) -> #VALUE! | C90: =IF(ISNUMBER(B90),B90,DATE(RIGHT(A90,4),MID(A90,4,2),LEFT(A90,2))) -> 45827 | E90: =PROPER(TRIM('RAW Data'!C88)) -> Lapotp | F90: =PROPER(TRIM('RAW Data'!D88)) -> South | G90: =PROPER(TRIM('RAW Data'!E88)) -> Neha | I90: 43 | J90: 800 | K90: 34400 | M90: 45827 | N90: ORD087 | O90: Lapotp | P90: South | Q90: Neha | R90: 43 | S90: 800 | T90: 34400
A91: 27/06/2025 | B91: =VALUE(A91) -> #VALUE! | C91: =IF(ISNUMBER(B91),B91,DATE(RIGHT(A91,4),MID(A91,4,2),LEFT(A91,2))) -> 45835 | E91: =PROPER(TRIM('RAW Data'!C89)) -> Lapotp | F91: =PROPER(TRIM('RAW Data'!D89)) -> South | G91: =PROPER(TRIM('RAW Data'!E89)) -> Vivek | I91: 6 | J91: 800 | K91: 4800 | M91: 45835 | N91: ORD088 | O91: Lapotp | P91: South | Q91: Vivek | R91: 6 | S91: 800 | T91: 4800
A92: Mar 07, 2025 | B92: =VALUE(A92) -> 45723 | C92: =IF(ISNUMBER(B92),B92,DATE(RIGHT(A92,4),MID(A92,4,2),LEFT(A92,2))) -> 45723 | E92: =PROPER(TRIM('RAW Data'!C90)) -> Accesories | F92: =PROPER(TRIM('RAW Data'!D90)) -> East | G92: =PROPER(TRIM('RAW Data'!E90)) -> Priya | I92: 9 | J92: 50000 | K92: 450000 | M92: 45723 | N92: ORD089 | O92: Accesories | P92: East | Q92: Priya | R92: 9 | S92: 50000 | T92: 450000
A93: 2025-04-13 | B93: =VALUE(A93) -> 45760 | C93: =IF(ISNUMBER(B93),B93,DATE(RIGHT(A93,4),MID(A93,4,2),LEFT(A93,2))) -> 45760 | E93: =PROPER(TRIM('RAW Data'!C91)) -> Tablet | F93: =PROPER(TRIM('RAW Data'!D91)) -> South | G93: =PROPER(TRIM('RAW Data'!E91)) -> Manish | I93: 11 | J93: 800 | K93: 8800 | M93: 45760 | N93: ORD090 | O93: Tablet | P93: South | Q93: Manish | R93: 11 | S93: 800 | T93: 8800
A94: 2025-04-21 | B94: =VALUE(A94) -> 45768 | C94: =IF(ISNUMBER(B94),B94,DATE(RIGHT(A94,4),MID(A94,4,2),LEFT(A94,2))) -> 45768 | E94: =PROPER(TRIM('RAW Data'!C92)) -> Tablet | F94: =PROPER(TRIM('RAW Data'!D92)) -> North | G94: =PROPER(TRIM('RAW Data'!E92)) -> Sonia | I94: 46 | J94: 15000 | K94: 689245 | M94: 45768 | N94: ORD091 | O94: Tablet | P94: North | Q94: Sonia | R94: 46 | S94: 15000 | T94: 689245
A95: 08/03/2025 | B95: =VALUE(A95) -> 45872 | C95: =IF(ISNUMBER(B95),B95,DATE(RIGHT(A95,4),MID(A95,4,2),LEFT(A95,2))) -> 45872 | E95: =PROPER(TRIM('RAW Data'!C93)) -> Laptop | F95: =PROPER(TRIM('RAW Data'!D93)) -> West | G95: =PROPER(TRIM('RAW Data'!E93)) -> Karan | I95: 12 | J95: 30000 | K95: 360000 | M95: 45872 | N95: ORD092 | O95: Laptop | P95: West | Q95: Karan | R95: 12 | S95: 30000 | T95: 360000
A96: Mar 07, 2025 | B96: =VALUE(A96) -> 45723 | C96: =IF(ISNUMBER(B96),B96,DATE(RIGHT(A96,4),MID(A96,4,2),LEFT(A96,2))) -> 45723 | E96: =PROPER(TRIM('RAW Data'!C94)) -> Tablet | F96: =PROPER(TRIM('RAW Data'!D94)) -> West | G96: =PROPER(TRIM('RAW Data'!E94)) -> Priya | I96: 10 | J96: 50000 | K96: 500000 | M96: 45723 | N96: ORD093 | O96: Tablet | P96: West | Q96: Priya | R96: 10 | S96: 50000 | T96: 500000
A97: 2025-06-25 | B97: =VALUE(A97) -> 45833 | C97: =IF(ISNUMBER(B97),B97,DATE(RIGHT(A97,4),MID(A97,4,2),LEFT(A97,2))) -> 45833 | E97: =PROPER(TRIM('RAW Data'!C95)) -> Accessories | F97: =PROPER(TRIM('RAW Data'!D95)) -> North | G97: =PROPER(TRIM('RAW Data'!E95)) -> Tina | I97: 42 | J97: 30000 | K97: 1260000 | M97: 45833 | N97: ORD094 | O97: Accessories | P97: North | Q97: Tina | R97: 42 | S97: 30000 | T97: 1260000
A98: 2025-06-08 | B98: =VALUE(A98) -> 45816 | C98: =IF(ISNUMBER(B98),B98,DATE(RIGHT(A98,4),MID(A98,4,2),LEFT(A98,2))) -> 45816 | E98: =PROPER(TRIM('RAW Data'!C96)) -> Accessories | F98: =PROPER(TRIM('RAW Data'!D96)) -> East | G98: =PROPER(TRIM('RAW Data'!E96)) -> Karan | I98: 26 | J98: 50000 | K98: 1300000 | M98: 45816 | N98: ORD095 | O98: Accessories | P98: East | Q98: Karan | R98: 26 | S98: 50000 | T98: 1300000
... A103: 09/01/2025 | B103: =VALUE(A103) -> 45901 | C103: =IF(ISNUMBER(B103),B103,DATE(RIGHT(A103,4),MID(A103,4,2),LEFT(A103,2))) -> 45901 | E103: =PROPER(TRIM('RAW Data'!C101)) -> Mobile | F103: =PROPER(TRIM('RAW Data'!D101)) -> East | G103: =PROPER(TRIM('RAW Data'!E101)) -> Riya | I103: 43 | J103: 15000 | K103: 644958 | M103: 45901 | N103: ORD100 | O103: Mobile | P103: East | Q103: Riya | R103: 43 | S103: 15000 | T103: 644958
A104: 28/03/2025 | B104: =VALUE(A104) -> #VALUE! | C104: =IF(ISNUMBER(B104),B104,DATE(RIGHT(A104,4),MID(A104,4,2),LEFT(A104,2))) -> 45744 | E104: =PROPER(TRIM('RAW Data'!C102)) -> Tablet | F104: =PROPER(TRIM('RAW Data'!D102)) | G104: =PROPER(TRIM('RAW Data'!E102)) -> Tina | I104: 28 | J104: 800 | K104: 22400 | M104: 45744 | N104: ORD101 | O104: Tablet | Q104: Tina | R104: 28 | S104: 800 | T104: 22400
A105: 22/02/2025 | B105: =VALUE(A105) -> #VALUE! | C105: =IF(ISNUMBER(B105),B105,DATE(RIGHT(A105,4),MID(A105,4,2),LEFT(A105,2))) -> 45710 | E105: =PROPER(TRIM('RAW Data'!C103)) -> Accessories | F105: =PROPER(TRIM('RAW Data'!D103)) -> West | G105: =PROPER(TRIM('RAW Data'!E103)) -> Karan | I105: 50 | J105: 1200 | K105: 60000 | M105: 45710 | N105: ORD102 | O105: Accessories | P105: West | Q105: Karan | R105: 50 | S105: 1200 | T105: 60000
A106: 2025-04-09 | B106: =VALUE(A106) -> 45756 | C106: =IF(ISNUMBER(B106),B106,DATE(RIGHT(A106,4),MID(A106,4,2),LEFT(A106,2))) -> 45756 | E106: =PROPER(TRIM('RAW Data'!C104)) -> Laptop | F106: =PROPER(TRIM('RAW Data'!D104)) -> West | G106: =PROPER(TRIM('RAW Data'!E104)) -> Karan | I106: 27 | J106: 30000 | K106: 810000 | M106: 45756 | N106: ORD103 | O106: Laptop | P106: West | Q106: Karan | R106: 27 | S106: 30000 | T106: 810000
A107: 2025-06-21 | B107: =VALUE(A107) -> 45829 | C107: =IF(ISNUMBER(B107),B107,DATE(RIGHT(A107,4),MID(A107,4,2),LEFT(A107,2))) -> 45829 | E107: =PROPER(TRIM('RAW Data'!C105)) -> Laptop | F107: =PROPER(TRIM('RAW Data'!D105)) -> West | G107: =PROPER(TRIM('RAW Data'!E105)) -> Neha | I107: 29 | J107: 1200 | K107: 34800 | M107: 45829 | N107: ORD104 | O107: Laptop | P107: West | Q107: Neha | R107: 29 | S107: 1200 | T107: 34800
A108: Mar 27, 2025 | B108: =VALUE(A108) -> 45743 | C108: =IF(ISNUMBER(B108),B108,DATE(RIGHT(A108,4),MID(A108,4,2),LEFT(A108,2))) -> 45743 | E108: =PROPER(TRIM('RAW Data'!C106)) -> Moblie | F108: =PROPER(TRIM('RAW Data'!D106)) -> North | G108: =PROPER(TRIM('RAW Data'!E106)) -> Tina | I108: 38 | J108: 30000 | K108: 1140000 | M108: 45743 | N108: ORD105 | O108: Moblie | P108: North | Q108: Tina | R108: 38 | S108: 30000 | T108: 1140000
A109: Jan 13, 2025 | B109: =VALUE(A109) -> 45670 | C109: =IF(ISNUMBER(B109),B109,DATE(RIGHT(A109,4),MID(A109,4,2),LEFT(A109,2))) -> 45670 | E109: =PROPER(TRIM('RAW Data'!C107)) -> Laptop | F109: =PROPER(TRIM('RAW Data'!D107)) -> East | G109: =PROPER(TRIM('RAW Data'!E107)) -> Priya | I109: 23 | J109: 50000 | K109: 1150000 | M109: 45670 | N109: ORD106 | O109: Laptop | P109: East | Q109: Priya | R109: 23 | S109: 50000 | T109: 1150000
A110: 11/02/2025 | B110: =VALUE(A110) -> 45963 | C110: =IF(ISNUMBER(B110),B110,DATE(RIGHT(A110,4),MID(A110,4,2),LEFT(A110,2))) -> 45963 | E110: =PROPER(TRIM('RAW Data'!C108)) -> Tablet | F110: =PROPER(TRIM('RAW Data'!D108)) | G110: =PROPER(TRIM('RAW Data'!E108)) -> Tina | I110: 13 | J110: 50000 | K110: 650000 | M110: 45963 | N110: ORD107 | O110: Tablet | Q110: Tina | R110: 13 | S110: 50000 | T110: 650000
A111: 2025-01-17 | B111: =VALUE(A111) -> 45674 | C111: =IF(ISNUMBER(B111),B111,DATE(RIGHT(A111,4),MID(A111,4,2),LEFT(A111,2))) -> 45674 | E111: =PROPER(TRIM('RAW Data'!C109)) -> Accessories | F111: =PROPER(TRIM('RAW Data'!D109)) -> South | G111: =PROPER(TRIM('RAW Data'!E109)) -> Rohit | I111: 26 | J111: 50000 | K111: 1300000 | M111: 45674 | N111: ORD108 | O111: Accessories | P111: South | Q111: Rohit | R111: 26 | S111: 50000 | T111: 1300000
A112: 2025-04-14 | B112: =VALUE(A112) -> 45761 | C112: =IF(ISNUMBER(B112),B112,DATE(RIGHT(A112,4),MID(A112,4,2),LEFT(A112,2))) -> 45761 | E112: =PROPER(TRIM('RAW Data'!C110)) -> Accessories | F112: =PROPER(TRIM('RAW Data'!D110)) -> North | G112: =PROPER(TRIM('RAW Data'!E110)) -> Riya | I112: 11 | J112: 50000 | K112: 550000 | M112: 45761 | N112: ORD109 | O112: Accessories | P112: North | Q112: Riya | R112: 11 | S112: 50000 | T112: 550000
A113: 2025-02-03 | B113: =VALUE(A113) -> 45691 | C113: =IF(ISNUMBER(B113),B113,DATE(RIGHT(A113,4),MID(A113,4,2),LEFT(A113,2))) -> 45691 | E113: =PROPER(TRIM('RAW Data'!C111)) -> Tablet | F113: =PROPER(TRIM('RAW Data'!D111)) -> South | G113: =PROPER(TRIM('RAW Data'!E111)) -> Vivek | I113: 21 | J113: 800 | K113: 16800 | M113: 45691 | N113: ORD110 | O113: Tablet | P113: South | Q113: Vivek | R113: 21 | S113: 800 | T113: 16800
A114: 2025-04-26 | B114: =VALUE(A114) -> 45773 | C114: =IF(ISNUMBER(B114),B114,DATE(RIGHT(A114,4),MID(A114,4,2),LEFT(A114,2))) -> 45773 | E114: =PROPER(TRIM('RAW Data'!C112)) -> Laptop | F114: =PROPER(TRIM('RAW Data'!D112)) -> West | G114: =PROPER(TRIM('RAW Data'!E112)) -> Neha | I114: 27 | J114: 15000 | K114: 404238 | M114: 45773 | N114: ORD111 | O114: Laptop | P114: West | Q114: Neha | R114: 27 | S114: 15000 | T114: 404238
A115: Jan 11, 2025 | B115: =VALUE(A115) -> 45668 | C115: =IF(ISNUMBER(B115),B115,DATE(RIGHT(A115,4),MID(A115,4,2),LEFT(A115,2))) -> 45668 | E115: =PROPER(TRIM('RAW Data'!C113)) -> Laptop | F115: =PROPER(TRIM('RAW Data'!D113)) -> East | G115: =PROPER(TRIM('RAW Data'!E113)) -> Tina | I115: 14 | J115: 25000 | K115: 350000 | M115: 45668 | N115: ORD112 | O115: Laptop | P115: East | Q115: Tina | R115: 14 | S115: 25000 | T115: 350000
A116: 13/02/2025 | B116: =VALUE(A116) -> #VALUE! | C116: =IF(ISNUMBER(B116),B116,DATE(RIGHT(A116,4),MID(A116,4,2),LEFT(A116,2))) -> 45701 | E116: =PROPER(TRIM('RAW Data'!C114)) -> Accessories | F116: =PROPER(TRIM('RAW Data'!D114)) -> South | G116: =PROPER(TRIM('RAW Data'!E114)) -> Riya | I116: 40 | J116: 50000 | K116: 2000000 | M116: 45701 | N116: ORD113 | O116: Accessories | P116: South | Q116: Riya | R116: 40 | S116: 50000 | T116: 2000000
A117: Mar 24, 2025 | B117: =VALUE(A117) -> 45740 | C117: =IF(ISNUMBER(B117),B117,DATE(RIGHT(A117,4),MID(A117,4,2),LEFT(A117,2))) -> 45740 | E117: =PROPER(TRIM('RAW Data'!C115)) -> Tablet | F117: =PROPER(TRIM('RAW Data'!D115)) -> North | G117: =PROPER(TRIM('RAW Data'!E115)) -> Riya | I117: 13 | J117: 25000 | K117: 325000 | M117: 45740 | N117: ORD114 | O117: Tablet | P117: North | Q117: Riya | R117: 13 | S117: 25000 | T117: 325000
A118: 2025-01-01 | B118: =VALUE(A118) -> 45658 | C118: =IF(ISNUMBER(B118),B118,DATE(RIGHT(A118,4),MID(A118,4,2),LEFT(A118,2))) -> 45658 | E118: =PROPER(TRIM('RAW Data'!C116)) -> Mobile | F118: =PROPER(TRIM('RAW Data'!D116)) -> South | G118: =PROPER(TRIM('RAW Data'!E116)) -> Manish | I118: 1 | J118: 800 | K118: 800 | M118: 45658 | N118: ORD115 | O118: Mobile | P118: South | Q118: Manish | R118: 1 | S118: 800 | T118: 800
A119: 2025-04-09 | B119: =VALUE(A119) -> 45756 | C119: =IF(ISNUMBER(B119),B119,DATE(RIGHT(A119,4),MID(A119,4,2),LEFT(A119,2))) -> 45756 | E119: =PROPER(TRIM('RAW Data'!C117)) -> Accesories | F119: =PROPER(TRIM('RAW Data'!D117)) -> North | G119: =PROPER(TRIM('RAW Data'!E117)) -> Rohit | I119: 14 | J119: 15000 | K119: 209202 | M119: 45756 | N119: ORD116 | O119: Accesories | P119: North | Q119: Rohit | R119: 14 | S119: 15000 | T119: 209202
A120: 2025-04-14 | B120: =VALUE(A120) -> 45761 | C120: =IF(ISNUMBER(B120),B120,DATE(RIGHT(A120,4),MID(A120,4,2),LEFT(A120,2))) -> 45761 | E120: =PROPER(TRIM('RAW Data'!C118)) -> Accesories | F120: =PROPER(TRIM('RAW Data'!D118)) -> West | G120: =PROPER(TRIM('RAW Data'!E118)) -> Sonia | I120: 24 | J120: 30000 | K120: 720000 | M120: 45761 | N120: ORD117 | O120: Accesories | P120: West | Q120: Sonia | R120: 24 | S120: 30000 | T120: 720000
A121: 08/06/2025 | B121: =VALUE(A121) -> 45875 | C121: =IF(ISNUMBER(B121),B121,DATE(RIGHT(A121,4),MID(A121,4,2),LEFT(A121,2))) -> 45875 | E121: =PROPER(TRIM('RAW Data'!C119)) -> Tabllet | F121: =PROPER(TRIM('RAW Data'!D119)) -> East | G121: =PROPER(TRIM('RAW Data'!E119)) -> Manish | I121: 42 | J121: 800 | K121: 33600 | M121: 45875 | N121: ORD118 | O121: Tabllet | P121: East | Q121: Manish | R121: 42 | S121: 800 | T121: 33600
A122: Jun 24, 2025 | B122: =VALUE(A122) -> 45832 | C122: =IF(ISNUMBER(B122),B122,DATE(RIGHT(A122,4),MID(A122,4,2),LEFT(A122,2))) -> 45832 | E122: =PROPER(TRIM('RAW Data'!C120)) -> Mobile | F122: =PROPER(TRIM('RAW Data'!D120)) -> East | G122: =PROPER(TRIM('RAW Data'!E120)) -> Tina | I122: 31 | J122: 30000 | K122: 930307 | M122: 45832 | N122: ORD119 | O122: Mobile | P122: East | Q122: Tina | R122: 31 | S122: 30000 | T122: 930307
... A126: Mar 09, 2025 | B126: =VALUE(A126) -> 45725 | C126: =IF(ISNUMBER(B126),B126,DATE(RIGHT(A126,4),MID(A126,4,2),LEFT(A126,2))) -> 45725 | E126: =PROPER(TRIM('RAW Data'!C124)) -> Tablet | F126: =PROPER(TRIM('RAW Data'!D124)) -> East | G126: =PROPER(TRIM('RAW Data'!E124)) -> Priya | I126: 23 | J126: 25000 | K126: 575000 | M126: 45725 | N126: ORD123 | O126: Tablet | P126: East | Q126: Priya | R126: 23 | S126: 25000 | T126: 575000
A127: 2025-05-04 | B127: =VALUE(A127) -> 45781 | C127: =IF(ISNUMBER(B127),B127,DATE(RIGHT(A127,4),MID(A127,4,2),LEFT(A127,2))) -> 45781 | E127: =PROPER(TRIM('RAW Data'!C125)) -> Accessories | F127: =PROPER(TRIM('RAW Data'!D125)) -> South | G127: =PROPER(TRIM('RAW Data'!E125)) | I127: 16 | J127: 50000 | K127: 800000 | M127: 45781 | N127: ORD124 | O127: Accessories | P127: South | R127: 16 | S127: 50000 | T127: 800000
A128: 2025-05-09 | B128: =VALUE(A128) -> 45786 | C128: =IF(ISNUMBER(B128),B128,DATE(RIGHT(A128,4),MID(A128,4,2),LEFT(A128,2))) -> 45786 | E128: =PROPER(TRIM('RAW Data'!C126)) -> Accessories | F128: =PROPER(TRIM('RAW Data'!D126)) -> West | G128: =PROPER(TRIM('RAW Data'!E126)) -> Karan | I128: 26 | J128: 50000 | K128: 1300000 | M128: 45786 | N128: ORD125 | O128: Accessories | P128: West | Q128: Karan | R128: 26 | S128: 50000 | T128: 1300000
...

Sheet Missing Values
A1: Contains Missing Values | I1: Fixing Missing Values
P2: Most Frequent Region | S2: Person with most saler per Region
A3: Date | B3: Order ID | C3: Product | D3: Region | E3: Sales Rep | F3: Units Sold | G3: Unit Price | H3: Total Sales | I3: Missing Region | J3: Corrected Region | K3: Missing Sales Rep | L3: Corrected Sales Rep
A4: 45775 | B4: ORD001 | C4: Laptop | D4: South | E4: Rohit | F4: 27 | G4: 1200 | H4: 32400 | I4: =IF(D4="",$P$5,"") | J4: =IF(I4="",D4,I4) -> South | K4: {=_xlfn.IFS(AND(J4=$S$6,E4=""),$T$6,AND(J4=$S$17,E4=""),$T$17,AND(J4=$S$29,E4=""),$T$29,AND(J4=$S$41,E4=""),$T$41,TRUE,"")} | L4: =IF(K4="",E4,K4) -> Rohit | P4: Region | Q4: Count of Region | S4: Region | T4: Sales Rep | U4: Count of Sales Rep
A5: 45755 | B5: ORD002 | C5: Accessories | D5: South | E5: Amit | F5: 30 | G5: 25000 | H5: 750000 | I5: =IF(D5="",$P$5,"") | J5: =IF(I5="",D5,I5) -> South | K5: {=_xlfn.IFS(AND(J5=$S$6,E5=""),$T$6,AND(J5=$S$17,E5=""),$T$17,AND(J5=$S$29,E5=""),$T$29,AND(J5=$S$41,E5=""),$T$41,TRUE,"")} | L5: =IF(K5="",E5,K5) -> Amit | P5: South | Q5: 52 | U5: 9
A6: 45718 | B6: ORD003 | C6: Tablet | D6: South | E6: Sonia | F6: 23 | G6: 25000 | H6: 575000 | I6: =IF(D6="",$P$5,"") | J6: =IF(I6="",D6,I6) -> South | K6: {=_xlfn.IFS(AND(J6=$S$6,E6=""),$T$6,AND(J6=$S$17,E6=""),$T$17,AND(J6=$S$29,E6=""),$T$29,AND(J6=$S$41,E6=""),$T$41,TRUE,"")} | L6: =IF(K6="",E6,K6) -> Sonia | P6: East | Q6: 50 | S6: East | T6: Tina | U6: 10
A7: 45693 | B7: ORD004 | C7: Mobile | D7: North | E7: Neha | F7: 6 | G7: 800 | H7: 4800 | I7: =IF(D7="",$P$5,"") | J7: =IF(I7="",D7,I7) -> North | K7: {=_xlfn.IFS(AND(J7=$S$6,E7=""),$T$6,AND(J7=$S$17,E7=""),$T$17,AND(J7=$S$29,E7=""),$T$29,AND(J7=$S$41,E7=""),$T$41,TRUE,"")} | L7: =IF(K7="",E7,K7) -> Neha | P7: North | Q7: 45 | T7: Manish | U7: 6
A8: 45706 | B8: ORD005 | C8: Mobile | D8: East | E8: Riya | F8: 45 | G8: 30000 | H8: 1350000 | I8: =IF(D8="",$P$5,"") | J8: =IF(I8="",D8,I8) -> East | K8: {=_xlfn.IFS(AND(J8=$S$6,E8=""),$T$6,AND(J8=$S$17,E8=""),$T$17,AND(J8=$S$29,E8=""),$T$29,AND(J8=$S$41,E8=""),$T$41,TRUE,"")} | L8: =IF(K8="",E8,K8) -> Riya | P8: West | Q8: 44 | T8: Priya | U8: 6
A9: 45708 | B9: ORD006 | C9: Accessories | D9: North | E9: Karan | F9: 23 | G9: 1200 | H9: 27600 | I9: =IF(D9="",$P$5,"") | J9: =IF(I9="",D9,I9) -> North | K9: {=_xlfn.IFS(AND(J9=$S$6,E9=""),$T$6,AND(J9=$S$17,E9=""),$T$17,AND(J9=$S$29,E9=""),$T$29,AND(J9=$S$41,E9=""),$T$41,TRUE,"")} | L9: =IF(K9="",E9,K9) -> Karan | Q9: 9 | T9: Amit | U9: 5
A10: 45814 | B10: ORD007 | C10: Tablet | D10: South | F10: 16 | G10: 800 | H10: 12800 | I10: =IF(D10="",$P$5,"") | J10: =IF(I10="",D10,I10) -> South | K10: {=_xlfn.IFS(AND(J10=$S$6,E10=""),$T$6,AND(J10=$S$17,E10=""),$T$17,AND(J10=$S$29,E10=""),$T$29,AND(J10=$S$41,E10=""),$T$41,TRUE,"")} -> Sonia | L10: =IF(K10="",E10,K10) -> Sonia | P10: Grand Total | Q10: 200 | T10: Karan | U10: 5
A11: 45751 | B11: ORD008 | C11: Mobile | D11: North | E11: Tina | F11: 50 | G11: 50000 | H11: 2500000 | I11: =IF(D11="",$P$5,"") | J11: =IF(I11="",D11,I11) -> North | K11: {=_xlfn.IFS(AND(J11=$S$6,E11=""),$T$6,AND(J11=$S$17,E11=""),$T$17,AND(J11=$S$29,E11=""),$T$29,AND(J11=$S$41,E11=""),$T$41,TRUE,"")} | L11: =IF(K11="",E11,K11) -> Tina | T11: Rohit | U11: 5
A12: 45661 | B12: ORD009 | C12: Accessories | D12: North | E12: Sonia | F12: 37 | G12: 15000 | H12: 555000 | I12: =IF(D12="",$P$5,"") | J12: =IF(I12="",D12,I12) -> North | K12: {=_xlfn.IFS(AND(J12=$S$6,E12=""),$T$6,AND(J12=$S$17,E12=""),$T$17,AND(J12=$S$29,E12=""),$T$29,AND(J12=$S$41,E12=""),$T$41,TRUE,"")} | L12: =IF(K12="",E12,K12) -> Sonia | T12: Riya | U12: 4
A13: 45844 | B13: ORD010 | C13: Laptop | D13: South | E13: Neha | F13: 40 | G13: 800 | H13: 32000 | I13: =IF(D13="",$P$5,"") | J13: =IF(I13="",D13,I13) -> South | K13: {=_xlfn.IFS(AND(J13=$S$6,E13=""),$T$6,AND(J13=$S$17,E13=""),$T$17,AND(J13=$S$29,E13=""),$T$29,AND(J13=$S$41,E13=""),$T$41,TRUE,"")} | L13: =IF(K13="",E13,K13) -> Neha | T13: Sonia | U13: 4
A14: 45731 | B14: ORD011 | C14: Mobile | D14: East | E14: Manish | F14: 41 | G14: 800 | H14: 32800 | I14: =IF(D14="",$P$5,"") | J14: =IF(I14="",D14,I14) -> East | K14: {=_xlfn.IFS(AND(J14=$S$6,E14=""),$T$6,AND(J14=$S$17,E14=""),$T$17,AND(J14=$S$29,E14=""),$T$29,AND(J14=$S$41,E14=""),$T$41,TRUE,"")} | L14: =IF(K14="",E14,K14) -> Manish | T14: Neha | U14: 3
A15: 45772 | B15: ORD012 | C15: Accessories | D15: East | E15: Manish | F15: 27 | G15: 50000 | H15: 1350000 | I15: =IF(D15="",$P$5,"") | J15: =IF(I15="",D15,I15) -> East | K15: {=_xlfn.IFS(AND(J15=$S$6,E15=""),$T$6,AND(J15=$S$17,E15=""),$T$17,AND(J15=$S$29,E15=""),$T$29,AND(J15=$S$41,E15=""),$T$41,TRUE,"")} | L15: =IF(K15="",E15,K15) -> Manish | T15: Vivek | U15: 2
A16: 45742 | B16: ORD013 | C16: Accessories | D16: West | E16: Tina | F16: 32 | G16: 25000 | H16: 799549 | I16: =IF(D16="",$P$5,"") | J16: =IF(I16="",D16,I16) -> West | K16: {=_xlfn.IFS(AND(J16=$S$6,E16=""),$T$6,AND(J16=$S$17,E16=""),$T$17,AND(J16=$S$29,E16=""),$T$29,AND(J16=$S$41,E16=""),$T$41,TRUE,"")} | L16: =IF(K16="",E16,K16) -> Tina | S16: East Total | U16: 50
A17: 45706 | B17: ORD014 | C17: Accessories | D17: North | E17: Tina | F17: 12 | G17: 30000 | H17: 360000 | I17: =IF(D17="",$P$5,"") | J17: =IF(I17="",D17,I17) -> North | K17: {=_xlfn.IFS(AND(J17=$S$6,E17=""),$T$6,AND(J17=$S$17,E17=""),$T$17,AND(J17=$S$29,E17=""),$T$29,AND(J17=$S$41,E17=""),$T$41,TRUE,"")} | L17: =IF(K17="",E17,K17) -> Tina | S17: North | T17: Tina | U17: 9
A18: 45808 | B18: ORD015 | C18: Laptop | D18: West | E18: Neha | F18: 26 | G18: 25000 | H18: 650000 | I18: =IF(D18="",$P$5,"") | J18: =IF(I18="",D18,I18) -> West | K18: {=_xlfn.IFS(AND(J18=$S$6,E18=""),$T$6,AND(J18=$S$17,E18=""),$T$17,AND(J18=$S$29,E18=""),$T$29,AND(J18=$S$41,E18=""),$T$41,TRUE,"")} | L18: =IF(K18="",E18,K18) -> Neha | T18: Riya | U18: 7
A19: 45771 | B19: ORD016 | C19: Accessories | D19: East | E19: Priya | F19: 41 | G19: 50000 | H19: 2050000 | I19: =IF(D19="",$P$5,"") | J19: =IF(I19="",D19,I19) -> East | K19: {=_xlfn.IFS(AND(J19=$S$6,E19=""),$T$6,AND(J19=$S$17,E19=""),$T$17,AND(J19=$S$29,E19=""),$T$29,AND(J19=$S$41,E19=""),$T$41,TRUE,"")} | L19: =IF(K19="",E19,K19) -> Priya | T19: Rohit | U19: 5
A20: 45870 | B20: ORD017 | C20: Accessories | D20: West | E20: Tina | F20: 31 | G20: 1200 | H20: 37200 | I20: =IF(D20="",$P$5,"") | J20: =IF(I20="",D20,I20) -> West | K20: {=_xlfn.IFS(AND(J20=$S$6,E20=""),$T$6,AND(J20=$S$17,E20=""),$T$17,AND(J20=$S$29,E20=""),$T$29,AND(J20=$S$41,E20=""),$T$41,TRUE,"")} | L20: =IF(K20="",E20,K20) -> Tina | T20: Sonia | U20: 5
A21: 45737 | B21: ORD018 | C21: Mobile | D21: East | E21: Rohit | F21: 32 | G21: 1200 | H21: 38400 | I21: =IF(D21="",$P$5,"") | J21: =IF(I21="",D21,I21) -> East | K21: {=_xlfn.IFS(AND(J21=$S$6,E21=""),$T$6,AND(J21=$S$17,E21=""),$T$17,AND(J21=$S$29,E21=""),$T$29,AND(J21=$S$41,E21=""),$T$41,TRUE,"")} | L21: =IF(K21="",E21,K21) -> Rohit | T21: Karan | U21: 5
A22: 45729 | B22: ORD019 | C22: Accessories | D22: North | E22: Priya | F22: 24 | G22: 50000 | H22: 1200000 | I22: =IF(D22="",$P$5,"") | J22: =IF(I22="",D22,I22) -> North | K22: {=_xlfn.IFS(AND(J22=$S$6,E22=""),$T$6,AND(J22=$S$17,E22=""),$T$17,AND(J22=$S$29,E22=""),$T$29,AND(J22=$S$41,E22=""),$T$41,TRUE,"")} | L22: =IF(K22="",E22,K22) -> Priya | T22: Amit | U22: 4
A23: 45801 | B23: ORD020 | C23: Tablet | D23: East | E23: Neha | F23: 31 | G23: 50000 | H23: 1550000 | I23: =IF(D23="",$P$5,"") | J23: =IF(I23="",D23,I23) -> East | K23: {=_xlfn.IFS(AND(J23=$S$6,E23=""),$T$6,AND(J23=$S$17,E23=""),$T$17,AND(J23=$S$29,E23=""),$T$29,AND(J23=$S$41,E23=""),$T$41,TRUE,"")} | L23: =IF(K23="",E23,K23) -> Neha | T23: Priya | U23: 4
A24: 45817 | B24: ORD021 | C24: Accessories | D24: South | E24: Vivek | F24: 7 | G24: 15000 | H24: 105000 | I24: =IF(D24="",$P$5,"") | J24: =IF(I24="",D24,I24) -> South | K24: {=_xlfn.IFS(AND(J24=$S$6,E24=""),$T$6,AND(J24=$S$17,E24=""),$T$17,AND(J24=$S$29,E24=""),$T$29,AND(J24=$S$41,E24=""),$T$41,TRUE,"")} | L24: =IF(K24="",E24,K24) -> Vivek | T24: Vivek | U24: 2
A25: 45824 | B25: ORD022 | C25: Accessories | D25: East | E25: Neha | F25: 35 | G25: 800 | H25: 28000 | I25: =IF(D25="",$P$5,"") | J25: =IF(I25="",D25,I25) -> East | K25: {=_xlfn.IFS(AND(J25=$S$6,E25=""),$T$6,AND(J25=$S$17,E25=""),$T$17,AND(J25=$S$29,E25=""),$T$29,AND(J25=$S$41,E25=""),$T$41,TRUE,"")} | L25: =IF(K25="",E25,K25) -> Neha | T25: Manish | U25: 2
A26: 45827 | B26: ORD023 | C26: Tablet | D26: West | E26: Tina | F26: 18 | G26: 1200 | H26: 21600 | I26: =IF(D26="",$P$5,"") | J26: =IF(I26="",D26,I26) -> West | K26: {=_xlfn.IFS(AND(J26=$S$6,E26=""),$T$6,AND(J26=$S$17,E26=""),$T$17,AND(J26=$S$29,E26=""),$T$29,AND(J26=$S$41,E26=""),$T$41,TRUE,"")} | L26: =IF(K26="",E26,K26) -> Tina | T26: Neha | U26: 1
A27: 45697 | B27: ORD024 | C27: Mobile | D27: West | E27: Tina | F27: 45 | G27: 25000 | H27: 1125000 | I27: =IF(D27="",$P$5,"") | J27: =IF(I27="",D27,I27) -> West | K27: {=_xlfn.IFS(AND(J27=$S$6,E27=""),$T$6,AND(J27=$S$17,E27=""),$T$17,AND(J27=$S$29,E27=""),$T$29,AND(J27=$S$41,E27=""),$T$41,TRUE,"")} | L27: =IF(K27="",E27,K27) -> Tina | U27: 1
A28: 45676 | B28: ORD025 | C28: Laptop | D28: South | E28: Priya | F28: 20 | G28: 800 | H28: 16000 | I28: =IF(D28="",$P$5,"") | J28: =IF(I28="",D28,I28) -> South | K28: {=_xlfn.IFS(AND(J28=$S$6,E28=""),$T$6,AND(J28=$S$17,E28=""),$T$17,AND(J28=$S$29,E28=""),$T$29,AND(J28=$S$41,E28=""),$T$41,TRUE,"")} | L28: =IF(K28="",E28,K28) -> Priya | S28: North Total | U28: 45
A29: 45726 | B29: ORD026 | C29: Tablet | D29: East | E29: Amit | F29: 30 | G29: 25000 | H29: 750000 | I29: =IF(D29="",$P$5,"") | J29: =IF(I29="",D29,I29) -> East | K29: {=_xlfn.IFS(AND(J29=$S$6,E29=""),$T$6,AND(J29=$S$17,E29=""),$T$17,AND(J29=$S$29,E29=""),$T$29,AND(J29=$S$41,E29=""),$T$41,TRUE,"")} | L29: =IF(K29="",E29,K29) -> Amit | S29: South | T29: Sonia | U29: 9
A30: 45820 | B30: ORD027 | C30: Laptop | D30: South | E30: Vivek | F30: 4 | G30: 25000 | H30: 100000 | I30: =IF(D30="",$P$5,"") | J30: =IF(I30="",D30,I30) -> South | K30: {=_xlfn.IFS(AND(J30=$S$6,E30=""),$T$6,AND(J30=$S$17,E30=""),$T$17,AND(J30=$S$29,E30=""),$T$29,AND(J30=$S$41,E30=""),$T$41,TRUE,"")} | L30: =IF(K30="",E30,K30) -> Vivek | T30: Vivek | U30: 8
A31: 45683 | B31: ORD028 | C31: Tablet | D31: East | E31: Tina | F31: 37 | G31: 50000 | H31: 1850000 | I31: =IF(D31="",$P$5,"") | J31: =IF(I31="",D31,I31) -> East | K31: {=_xlfn.IFS(AND(J31=$S$6,E31=""),$T$6,AND(J31=$S$17,E31=""),$T$17,AND(J31=$S$29,E31=""),$T$29,AND(J31=$S$41,E31=""),$T$41,TRUE,"")} | L31: =IF(K31="",E31,K31) -> Tina | T31: Riya | U31: 6
A32: 45837 | B32: ORD029 | C32: Mobile | D32: North | E32: Amit | F32: 13 | G32: 30000 | H32: 390000 | I32: =IF(D32="",$P$5,"") | J32: =IF(I32="",D32,I32) -> North | K32: {=_xlfn.IFS(AND(J32=$S$6,E32=""),$T$6,AND(J32=$S$17,E32=""),$T$17,AND(J32=$S$29,E32=""),$T$29,AND(J32=$S$41,E32=""),$T$41,TRUE,"")} | L32: =IF(K32="",E32,K32) -> Amit | T32: Neha | U32: 6
A33: 45834 | B33: ORD030 | C33: Mobile | D33: North | E33: Sonia | F33: 23 | G33: 1200 | H33: 27600 | I33: =IF(D33="",$P$5,"") | J33: =IF(I33="",D33,I33) -> North | K33: {=_xlfn.IFS(AND(J33=$S$6,E33=""),$T$6,AND(J33=$S$17,E33=""),$T$17,AND(J33=$S$29,E33=""),$T$29,AND(J33=$S$41,E33=""),$T$41,TRUE,"")} | L33: =IF(K33="",E33,K33) -> Sonia | T33: Priya | U33: 6
A34: 45803 | B34: ORD031 | C34: Tablet | D34: North | E34: Riya | F34: 31 | G34: 50000 | H34: 1550000 | I34: =IF(D34="",$P$5,"") | J34: =IF(I34="",D34,I34) -> North | K34: {=_xlfn.IFS(AND(J34=$S$6,E34=""),$T$6,AND(J34=$S$17,E34=""),$T$17,AND(J34=$S$29,E34=""),$T$29,AND(J34=$S$41,E34=""),$T$41,TRUE,"")} | L34: =IF(K34="",E34,K34) -> Riya | T34: Manish | U34: 5
A35: 45789 | B35: ORD032 | C35: Laptop | D35: South | E35: Vivek | F35: 24 | G35: 25000 | H35: 600000 | I35: =IF(D35="",$P$5,"") | J35: =IF(I35="",D35,I35) -> South | K35: {=_xlfn.IFS(AND(J35=$S$6,E35=""),$T$6,AND(J35=$S$17,E35=""),$T$17,AND(J35=$S$29,E35=""),$T$29,AND(J35=$S$41,E35=""),$T$41,TRUE,"")} | L35: =IF(K35="",E35,K35) -> Vivek | T35: Amit | U35: 4
A36: 45825 | B36: ORD033 | C36: Accessories | D36: South | E36: Karan | F36: 32 | G36: 25000 | H36: 800000 | I36: =IF(D36="",$P$5,"") | J36: =IF(I36="",D36,I36) -> South | K36: {=_xlfn.IFS(AND(J36=$S$6,E36=""),$T$6,AND(J36=$S$17,E36=""),$T$17,AND(J36=$S$29,E36=""),$T$29,AND(J36=$S$41,E36=""),$T$41,TRUE,"")} | L36: =IF(K36="",E36,K36) -> Karan | T36: Rohit | U36: 3
A37: 45810 | B37: ORD034 | C37: Tablet | D37: South | E37: Vivek | F37: 21 | G37: 15000 | H37: 315000 | I37: =IF(D37="",$P$5,"") | J37: =IF(I37="",D37,I37) -> South | K37: {=_xlfn.IFS(AND(J37=$S$6,E37=""),$T$6,AND(J37=$S$17,E37=""),$T$17,AND(J37=$S$29,E37=""),$T$29,AND(J37=$S$41,E37=""),$T$41,TRUE,"")} | L37: =IF(K37="",E37,K37) -> Vivek | T37: Karan | U37: 2
A38: 45768 | B38: ORD035 | C38: Accessories | D38: East | E38: Karan | F38: 49 | G38: 1200 | H38: 58800 | I38: =IF(D38="",$P$5,"") | J38: =IF(I38="",D38,I38) -> East | K38: {=_xlfn.IFS(AND(J38=$S$6,E38=""),$T$6,AND(J38=$S$17,E38=""),$T$17,AND(J38=$S$29,E38=""),$T$29,AND(J38=$S$41,E38=""),$T$41,TRUE,"")} | L38: =IF(K38="",E38,K38) -> Karan | U38: 2
A39: 45680 | B39: ORD036 | C39: Laptop | D39: North | E39: Manish | F39: 10 | G39: 15000 | H39: 150000 | I39: =IF(D39="",$P$5,"") | J39: =IF(I39="",D39,I39) -> North | K39: {=_xlfn.IFS(AND(J39=$S$6,E39=""),$T$6,AND(J39=$S$17,E39=""),$T$17,AND(J39=$S$29,E39=""),$T$29,AND(J39=$S$41,E39=""),$T$41,TRUE,"")} | L39: =IF(K39="",E39,K39) -> Manish | T39: Tina | U39: 1
A40: 45780 | B40: ORD037 | C40: Accessories | D40: North | E40: Riya | F40: 43 | G40: 50000 | H40: 2150000 | I40: =IF(D40="",$P$5,"") | J40: =IF(I40="",D40,I40) -> North | K40: {=_xlfn.IFS(AND(J40=$S$6,E40=""),$T$6,AND(J40=$S$17,E40=""),$T$17,AND(J40=$S$29,E40=""),$T$29,AND(J40=$S$41,E40=""),$T$41,TRUE,"")} | L40: =IF(K40="",E40,K40) -> Riya | S40: South Total | U40: 52
A41: 45836 | B41: ORD038 | C41: Accessories | D41: West | E41: Tina | F41: 36 | G41: 1200 | H41: 43200 | I41: =IF(D41="",$P$5,"") | J41: =IF(I41="",D41,I41) -> West | K41: {=_xlfn.IFS(AND(J41=$S$6,E41=""),$T$6,AND(J41=$S$17,E41=""),$T$17,AND(J41=$S$29,E41=""),$T$29,AND(J41=$S$41,E41=""),$T$41,TRUE,"")} | L41: =IF(K41="",E41,K41) -> Tina | S41: West | T41: Sonia | U41: 7
A42: 45830 | B42: ORD039 | C42: Laptop | D42: North | E42: Riya | F42: 17 | G42: 25000 | H42: 425000 | I42: =IF(D42="",$P$5,"") | J42: =IF(I42="",D42,I42) -> North | K42: {=_xlfn.IFS(AND(J42=$S$6,E42=""),$T$6,AND(J42=$S$17,E42=""),$T$17,AND(J42=$S$29,E42=""),$T$29,AND(J42=$S$41,E42=""),$T$41,TRUE,"")} | L42: =IF(K42="",E42,K42) -> Riya | T42: Tina | U42: 6
A43: 45996 | B43: ORD040 | C43: Mobile | D43: West | E43: Neha | F43: 16 | G43: 50000 | H43: 800000 | I43: =IF(D43="",$P$5,"") | J43: =IF(I43="",D43,I43) -> West | K43: {=_xlfn.IFS(AND(J43=$S$6,E43=""),$T$6,AND(J43=$S$17,E43=""),$T$17,AND(J43=$S$29,E43=""),$T$29,AND(J43=$S$41,E43=""),$T$41,TRUE,"")} | L43: =IF(K43="",E43,K43) -> Neha | T43: Karan | U43: 6
A44: 45760 | B44: ORD041 | C44: Laptop | D44: West | F44: 30 | G44: 800 | H44: 24000 | I44: =IF(D44="",$P$5,"") | J44: =IF(I44="",D44,I44) -> West | K44: {=_xlfn.IFS(AND(J44=$S$6,E44=""),$T$6,AND(J44=$S$17,E44=""),$T$17,AND(J44=$S$29,E44=""),$T$29,AND(J44=$S$41,E44=""),$T$41,TRUE,"")} -> Sonia | L44: =IF(K44="",E44,K44) -> Sonia | T44: Vivek | U44: 5
A45: 45794 | B45: ORD042 | C45: Moblie | E45: Manish | F45: 3 | G45: 800 | H45: 2400 | I45: =IF(D45="",$P$5,"") -> South | J45: =IF(I45="",D45,I45) -> South | K45: {=_xlfn.IFS(AND(J45=$S$6,E45=""),$T$6,AND(J45=$S$17,E45=""),$T$17,AND(J45=$S$29,E45=""),$T$29,AND(J45=$S$41,E45=""),$T$41,TRUE,"")} | L45: =IF(K45="",E45,K45) -> Manish | T45: Neha | U45: 5
A46: 45712 | B46: ORD043 | C46: Laptop | D46: North | E46: Amit | F46: 40 | G46: 25000 | H46: 1000000 | I46: =IF(D46="",$P$5,"") | J46: =IF(I46="",D46,I46) -> North | K46: {=_xlfn.IFS(AND(J46=$S$6,E46=""),$T$6,AND(J46=$S$17,E46=""),$T$17,AND(J46=$S$29,E46=""),$T$29,AND(J46=$S$41,E46=""),$T$41,TRUE,"")} | L46: =IF(K46="",E46,K46) -> Amit | T46: Riya | U46: 3
A47: 45727 | B47: ORD044 | C47: Mobile | D47: South | E47: Neha | F47: 7 | G47: 30000 | H47: 210000 | I47: =IF(D47="",$P$5,"") | J47: =IF(I47="",D47,I47) -> South | K47: {=_xlfn.IFS(AND(J47=$S$6,E47=""),$T$6,AND(J47=$S$17,E47=""),$T$17,AND(J47=$S$29,E47=""),$T$29,AND(J47=$S$41,E47=""),$T$41,TRUE,"")} | L47: =IF(K47="",E47,K47) -> Neha | U47: 3
A48: 45832 | B48: ORD045 | C48: Mobile | D48: East | E48: Riya | F48: 13 | G48: 30000 | H48: 390000 | I48: =IF(D48="",$P$5,"") | J48: =IF(I48="",D48,I48) -> East | K48: {=_xlfn.IFS(AND(J48=$S$6,E48=""),$T$6,AND(J48=$S$17,E48=""),$T$17,AND(J48=$S$29,E48=""),$T$29,AND(J48=$S$41,E48=""),$T$41,TRUE,"")} | L48: =IF(K48="",E48,K48) -> Riya | T48: Rohit | U48: 3
A49: 45705 | B49: ORD046 | C49: Mobile | D49: South | E49: Rohit | F49: 29 | G49: 1200 | H49: 34800 | I49: =IF(D49="",$P$5,"") | J49: =IF(I49="",D49,I49) -> South | K49: {=_xlfn.IFS(AND(J49=$S$6,E49=""),$T$6,AND(J49=$S$17,E49=""),$T$17,AND(J49=$S$29,E49=""),$T$29,AND(J49=$S$41,E49=""),$T$41,TRUE,"")} | L49: =IF(K49="",E49,K49) -> Rohit | T49: Amit | U49: 2
A50: 45677 | B50: ORD047 | C50: Laptop | D50: West | E50: Riya | F50: 45 | G50: 30000 | H50: 1350000 | I50: =IF(D50="",$P$5,"") | J50: =IF(I50="",D50,I50) -> West | K50: {=_xlfn.IFS(AND(J50=$S$6,E50=""),$T$6,AND(J50=$S$17,E50=""),$T$17,AND(J50=$S$29,E50=""),$T$29,AND(J50=$S$41,E50=""),$T$41,TRUE,"")} | L50: =IF(K50="",E50,K50) -> Riya | T50: Manish | U50: 2
A51: 45812 | B51: ORD048 | C51: Laptop | D51: South | E51: Vivek | F51: 45 | G51: 15000 | H51: 675000 | I51: =IF(D51="",$P$5,"") | J51: =IF(I51="",D51,I51) -> South | K51: {=_xlfn.IFS(AND(J51=$S$6,E51=""),$T$6,AND(J51=$S$17,E51=""),$T$17,AND(J51=$S$29,E51=""),$T$29,AND(J51=$S$41,E51=""),$T$41,TRUE,"")} | L51: =IF(K51="",E51,K51) -> Vivek | T51: Priya | U51: 2
A52: 45732 | B52: ORD049 | C52: Accessories | D52: South | E52: Sonia | F52: 19 | G52: 800 | H52: 15200 | I52: =IF(D52="",$P$5,"") | J52: =IF(I52="",D52,I52) -> South | K52: {=_xlfn.IFS(AND(J52=$S$6,E52=""),$T$6,AND(J52=$S$17,E52=""),$T$17,AND(J52=$S$29,E52=""),$T$29,AND(J52=$S$41,E52=""),$T$41,TRUE,"")} | L52: =IF(K52="",E52,K52) -> Sonia | S52: West Total | U52: 44
A53: 45703 | B53: ORD050 | C53: Tablet | D53: West | E53: Rohit | F53: 47 | G53: 25000 | H53: 1175000 | I53: =IF(D53="",$P$5,"") | J53: =IF(I53="",D53,I53) -> West | K53: {=_xlfn.IFS(AND(J53=$S$6,E53=""),$T$6,AND(J53=$S$17,E53=""),$T$17,AND(J53=$S$29,E53=""),$T$29,AND(J53=$S$41,E53=""),$T$41,TRUE,"")} | L53: =IF(K53="",E53,K53) -> Rohit | S53: Grand Total | U53: 200
A54: 45732 | B54: ORD051 | C54: Mobile | D54: East | E54: Karan | F54: 10 | G54: 800 | H54: 7346 | I54: =IF(D54="",$P$5,"") | J54: =IF(I54="",D54,I54) -> East | K54: {=_xlfn.IFS(AND(J54=$S$6,E54=""),$T$6,AND(J54=$S$17,E54=""),$T$17,AND(J54=$S$29,E54=""),$T$29,AND(J54=$S$41,E54=""),$T$41,TRUE,"")} | L54: =IF(K54="",E54,K54) -> Karan
A55: 45815 | B55: ORD052 | C55: Laptop | E55: Amit | F55: 42 | G55: 15000 | H55: 630000 | I55: =IF(D55="",$P$5,"") -> South | J55: =IF(I55="",D55,I55) -> South | K55: {=_xlfn.IFS(AND(J55=$S$6,E55=""),$T$6,AND(J55=$S$17,E55=""),$T$17,AND(J55=$S$29,E55=""),$T$29,AND(J55=$S$41,E55=""),$T$41,TRUE,"")} | L55: =IF(K55="",E55,K55) -> Amit
A56: 45751 | B56: ORD053 | C56: Mobile | D56: West | E56: Priya | F56: 19 | G56: 800 | H56: 15200 | I56: =IF(D56="",$P$5,"") | J56: =IF(I56="",D56,I56) -> West | K56: {=_xlfn.IFS(AND(J56=$S$6,E56=""),$T$6,AND(J56=$S$17,E56=""),$T$17,AND(J56=$S$29,E56=""),$T$29,AND(J56=$S$41,E56=""),$T$41,TRUE,"")} | L56: =IF(K56="",E56,K56) -> Priya
A57: 45686 | B57: ORD054 | C57: Accessories | F57: 49 | G57: 50000 | H57: 2450000 | I57: =IF(D57="",$P$5,"") -> South | J57: =IF(I57="",D57,I57) -> South | K57: {=_xlfn.IFS(AND(J57=$S$6,E57=""),$T$6,AND(J57=$S$17,E57=""),$T$17,AND(J57=$S$29,E57=""),$T$29,AND(J57=$S$41,E57=""),$T$41,TRUE,"")} -> Sonia | L57: =IF(K57="",E57,K57) -> Sonia
A58: 45819 | B58: ORD055 | C58: Lapotp | D58: East | E58: Rohit | F58: 14 | G58: 15000 | H58: 210000 | I58: =IF(D58="",$P$5,"") | J58: =IF(I58="",D58,I58) -> East | K58: {=_xlfn.IFS(AND(J58=$S$6,E58=""),$T$6,AND(J58=$S$17,E58=""),$T$17,AND(J58=$S$29,E58=""),$T$29,AND(J58=$S$41,E58=""),$T$41,TRUE,"")} | L58: =IF(K58="",E58,K58) -> Rohit
A59: 45804 | B59: ORD056 | C59: Mobile | D59: West | E59: Sonia | F59: 10 | G59: 1200 | H59: 12000 | I59: =IF(D59="",$P$5,"") | J59: =IF(I59="",D59,I59) -> West | K59: {=_xlfn.IFS(AND(J59=$S$6,E59=""),$T$6,AND(J59=$S$17,E59=""),$T$17,AND(J59=$S$29,E59=""),$T$29,AND(J59=$S$41,E59=""),$T$41,TRUE,"")} | L59: =IF(K59="",E59,K59) -> Sonia
A60: 45734 | B60: ORD057 | C60: Tablet | D60: North | E60: Sonia | F60: 24 | G60: 30000 | H60: 720000 | I60: =IF(D60="",$P$5,"") | J60: =IF(I60="",D60,I60) -> North | K60: {=_xlfn.IFS(AND(J60=$S$6,E60=""),$T$6,AND(J60=$S$17,E60=""),$T$17,AND(J60=$S$29,E60=""),$T$29,AND(J60=$S$41,E60=""),$T$41,TRUE,"")} | L60: =IF(K60="",E60,K60) -> Sonia
A61: 45711 | B61: ORD058 | C61: Laptop | D61: West | E61: Sonia | F61: 23 | G61: 25000 | H61: 575000 | I61: =IF(D61="",$P$5,"") | J61: =IF(I61="",D61,I61) -> West | K61: {=_xlfn.IFS(AND(J61=$S$6,E61=""),$T$6,AND(J61=$S$17,E61=""),$T$17,AND(J61=$S$29,E61=""),$T$29,AND(J61=$S$41,E61=""),$T$41,TRUE,"")} | L61: =IF(K61="",E61,K61) -> Sonia
A62: 45693 | B62: ORD059 | C62: Laptop | D62: West | E62: Vivek | F62: 7 | G62: 25000 | H62: 175000 | I62: =IF(D62="",$P$5,"") | J62: =IF(I62="",D62,I62) -> West | K62: {=_xlfn.IFS(AND(J62=$S$6,E62=""),$T$6,AND(J62=$S$17,E62=""),$T$17,AND(J62=$S$29,E62=""),$T$29,AND(J62=$S$41,E62=""),$T$41,TRUE,"")} | L62: =IF(K62="",E62,K62) -> Vivek
A63: 45769 | B63: ORD060 | C63: Tablet | E63: Tina | F63: 48 | G63: 25000 | H63: 1200000 | I63: =IF(D63="",$P$5,"") -> South | J63: =IF(I63="",D63,I63) -> South | K63: {=_xlfn.IFS(AND(J63=$S$6,E63=""),$T$6,AND(J63=$S$17,E63=""),$T$17,AND(J63=$S$29,E63=""),$T$29,AND(J63=$S$41,E63=""),$T$41,TRUE,"")} | L63: =IF(K63="",E63,K63) -> Tina
A64: 45875 | B64: ORD061 | C64: Mobile | D64: West | E64: Sonia | F64: 14 | G64: 1200 | H64: 16800 | I64: =IF(D64="",$P$5,"") | J64: =IF(I64="",D64,I64) -> West | K64: {=_xlfn.IFS(AND(J64=$S$6,E64=""),$T$6,AND(J64=$S$17,E64=""),$T$17,AND(J64=$S$29,E64=""),$T$29,AND(J64=$S$41,E64=""),$T$41,TRUE,"")} | L64: =IF(K64="",E64,K64) -> Sonia
A65: 45803 | B65: ORD062 | C65: Accessories | D65: North | E65: Riya | F65: 21 | G65: 30000 | H65: 630000 | I65: =IF(D65="",$P$5,"") | J65: =IF(I65="",D65,I65) -> North | K65: {=_xlfn.IFS(AND(J65=$S$6,E65=""),$T$6,AND(J65=$S$17,E65=""),$T$17,AND(J65=$S$29,E65=""),$T$29,AND(J65=$S$41,E65=""),$T$41,TRUE,"")} | L65: =IF(K65="",E65,K65) -> Riya
A66: 45658 | B66: ORD063 | C66: Laptop | D66: North | E66: Karan | F66: 31 | G66: 1200 | H66: 37200 | I66: =IF(D66="",$P$5,"") | J66: =IF(I66="",D66,I66) -> North | K66: {=_xlfn.IFS(AND(J66=$S$6,E66=""),$T$6,AND(J66=$S$17,E66=""),$T$17,AND(J66=$S$29,E66=""),$T$29,AND(J66=$S$41,E66=""),$T$41,TRUE,"")} | L66: =IF(K66="",E66,K66) -> Karan
A67: 45703 | B67: ORD064 | C67: Mobile | D67: West | E67: Sonia | F67: 44 | G67: 30000 | H67: 1320000 | I67: =IF(D67="",$P$5,"") | J67: =IF(I67="",D67,I67) -> West | K67: {=_xlfn.IFS(AND(J67=$S$6,E67=""),$T$6,AND(J67=$S$17,E67=""),$T$17,AND(J67=$S$29,E67=""),$T$29,AND(J67=$S$41,E67=""),$T$41,TRUE,"")} | L67: =IF(K67="",E67,K67) -> Sonia
A68: 45781 | B68: ORD065 | C68: Mobile | D68: South | E68: Neha | F68: 15 | G68: 30000 | H68: 450000 | I68: =IF(D68="",$P$5,"") | J68: =IF(I68="",D68,I68) -> South | K68: {=_xlfn.IFS(AND(J68=$S$6,E68=""),$T$6,AND(J68=$S$17,E68=""),$T$17,AND(J68=$S$29,E68=""),$T$29,AND(J68=$S$41,E68=""),$T$41,TRUE,"")} | L68: =IF(K68="",E68,K68) -> Neha
A69: 45786 | B69: ORD066 | C69: Tablet | D69: South | E69: Tina | F69: 8 | G69: 15000 | H69: 120000 | I69: =IF(D69="",$P$5,"") | J69: =IF(I69="",D69,I69) -> South | K69: {=_xlfn.IFS(AND(J69=$S$6,E69=""),$T$6,AND(J69=$S$17,E69=""),$T$17,AND(J69=$S$29,E69=""),$T$29,AND(J69=$S$41,E69=""),$T$41,TRUE,"")} | L69: =IF(K69="",E69,K69) -> Tina
A70: 45664 | B70: ORD067 | C70: Moblie | D70: South | E70: Priya | F70: 5 | G70: 25000 | H70: 125000 | I70: =IF(D70="",$P$5,"") | J70: =IF(I70="",D70,I70) -> South | K70: {=_xlfn.IFS(AND(J70=$S$6,E70=""),$T$6,AND(J70=$S$17,E70=""),$T$17,AND(J70=$S$29,E70=""),$T$29,AND(J70=$S$41,E70=""),$T$41,TRUE,"")} | L70: =IF(K70="",E70,K70) -> Priya
A71: 45826 | B71: ORD068 | C71: Laptop | E71: Neha | F71: 27 | G71: 15000 | H71: 405000 | I71: =IF(D71="",$P$5,"") -> South | J71: =IF(I71="",D71,I71) -> South | K71: {=_xlfn.IFS(AND(J71=$S$6,E71=""),$T$6,AND(J71=$S$17,E71=""),$T$17,AND(J71=$S$29,E71=""),$T$29,AND(J71=$S$41,E71=""),$T$41,TRUE,"")} | L71: =IF(K71="",E71,K71) -> Neha
A72: 45672 | B72: ORD069 | C72: Accessories | D72: South | E72: Manish | F72: 17 | G72: 25000 | H72: 425000 | I72: =IF(D72="",$P$5,"") | J72: =IF(I72="",D72,I72) -> South | K72: {=_xlfn.IFS(AND(J72=$S$6,E72=""),$T$6,AND(J72=$S$17,E72=""),$T$17,AND(J72=$S$29,E72=""),$T$29,AND(J72=$S$41,E72=""),$T$41,TRUE,"")} | L72: =IF(K72="",E72,K72) -> Manish
A73: 45692 | B73: ORD070 | C73: Mobile | D73: South | E73: Priya | F73: 8 | G73: 25000 | H73: 200000 | I73: =IF(D73="",$P$5,"") | J73: =IF(I73="",D73,I73) -> South | K73: {=_xlfn.IFS(AND(J73=$S$6,E73=""),$T$6,AND(J73=$S$17,E73=""),$T$17,AND(J73=$S$29,E73=""),$T$29,AND(J73=$S$41,E73=""),$T$41,TRUE,"")} | L73: =IF(K73="",E73,K73) -> Priya
A74: 45765 | B74: ORD071 | C74: Laptop | D74: South | E74: Priya | F74: 2 | G74: 50000 | H74: 100000 | I74: =IF(D74="",$P$5,"") | J74: =IF(I74="",D74,I74) -> South | K74: {=_xlfn.IFS(AND(J74=$S$6,E74=""),$T$6,AND(J74=$S$17,E74=""),$T$17,AND(J74=$S$29,E74=""),$T$29,AND(J74=$S$41,E74=""),$T$41,TRUE,"")} | L74: =IF(K74="",E74,K74) -> Priya
A75: 45684 | B75: ORD072 | C75: Tablet | E75: Sonia | F75: 40 | G75: 1200 | H75: 48000 | I75: =IF(D75="",$P$5,"") -> South | J75: =IF(I75="",D75,I75) -> South | K75: {=_xlfn.IFS(AND(J75=$S$6,E75=""),$T$6,AND(J75=$S$17,E75=""),$T$17,AND(J75=$S$29,E75=""),$T$29,AND(J75=$S$41,E75=""),$T$41,TRUE,"")} | L75: =IF(K75="",E75,K75) -> Sonia
A76: 45783 | B76: ORD073 | C76: Laptop | D76: West | E76: Vivek | F76: 34 | G76: 800 | H76: 27200 | I76: =IF(D76="",$P$5,"") | J76: =IF(I76="",D76,I76) -> West | K76: {=_xlfn.IFS(AND(J76=$S$6,E76=""),$T$6,AND(J76=$S$17,E76=""),$T$17,AND(J76=$S$29,E76=""),$T$29,AND(J76=$S$41,E76=""),$T$41,TRUE,"")} | L76: =IF(K76="",E76,K76) -> Vivek
A77: 45701 | B77: ORD074 | C77: Mobile | D77: East | E77: Tina | F77: 33 | G77: 25000 | H77: 825000 | I77: =IF(D77="",$P$5,"") | J77: =IF(I77="",D77,I77) -> East | K77: {=_xlfn.IFS(AND(J77=$S$6,E77=""),$T$6,AND(J77=$S$17,E77=""),$T$17,AND(J77=$S$29,E77=""),$T$29,AND(J77=$S$41,E77=""),$T$41,TRUE,"")} | L77: =IF(K77="",E77,K77) -> Tina
A78: 45788 | B78: ORD075 | C78: Accessories | D78: North | E78: Rohit | F78: 34 | G78: 1200 | H78: 40800 | I78: =IF(D78="",$P$5,"") | J78: =IF(I78="",D78,I78) -> North | K78: {=_xlfn.IFS(AND(J78=$S$6,E78=""),$T$6,AND(J78=$S$17,E78=""),$T$17,AND(J78=$S$29,E78=""),$T$29,AND(J78=$S$41,E78=""),$T$41,TRUE,"")} | L78: =IF(K78="",E78,K78) -> Rohit
A79: 45788 | B79: ORD076 | C79: Accessories | D79: East | E79: Tina | F79: 6 | G79: 25000 | H79: 150000 | I79: =IF(D79="",$P$5,"") | J79: =IF(I79="",D79,I79) -> East | K79: {=_xlfn.IFS(AND(J79=$S$6,E79=""),$T$6,AND(J79=$S$17,E79=""),$T$17,AND(J79=$S$29,E79=""),$T$29,AND(J79=$S$41,E79=""),$T$41,TRUE,"")} | L79: =IF(K79="",E79,K79) -> Tina
A80: 45667 | B80: ORD077 | C80: Accessories | D80: East | E80: Karan | F80: 5 | G80: 15000 | H80: 75000 | I80: =IF(D80="",$P$5,"") | J80: =IF(I80="",D80,I80) -> East | K80: {=_xlfn.IFS(AND(J80=$S$6,E80=""),$T$6,AND(J80=$S$17,E80=""),$T$17,AND(J80=$S$29,E80=""),$T$29,AND(J80=$S$41,E80=""),$T$41,TRUE,"")} | L80: =IF(K80="",E80,K80) -> Karan
A81: 45708 | B81: ORD078 | C81: Mobile | D81: South | E81: Priya | F81: 23 | G81: 800 | H81: 18400 | I81: =IF(D81="",$P$5,"") | J81: =IF(I81="",D81,I81) -> South | K81: {=_xlfn.IFS(AND(J81=$S$6,E81=""),$T$6,AND(J81=$S$17,E81=""),$T$17,AND(J81=$S$29,E81=""),$T$29,AND(J81=$S$41,E81=""),$T$41,TRUE,"")} | L81: =IF(K81="",E81,K81) -> Priya
A82: 45901 | B82: ORD079 | C82: Accessories | D82: East | E82: Sonia | F82: 49 | G82: 50000 | H82: 2450000 | I82: =IF(D82="",$P$5,"") | J82: =IF(I82="",D82,I82) -> East | K82: {=_xlfn.IFS(AND(J82=$S$6,E82=""),$T$6,AND(J82=$S$17,E82=""),$T$17,AND(J82=$S$29,E82=""),$T$29,AND(J82=$S$41,E82=""),$T$41,TRUE,"")} | L82: =IF(K82="",E82,K82) -> Sonia
A83: 45670 | B83: ORD080 | C83: Mobile | D83: North | E83: Tina | F83: 47 | G83: 1200 | H83: 56400 | I83: =IF(D83="",$P$5,"") | J83: =IF(I83="",D83,I83) -> North | K83: {=_xlfn.IFS(AND(J83=$S$6,E83=""),$T$6,AND(J83=$S$17,E83=""),$T$17,AND(J83=$S$29,E83=""),$T$29,AND(J83=$S$41,E83=""),$T$41,TRUE,"")} | L83: =IF(K83="",E83,K83) -> Tina
A84: 45708 | B84: ORD081 | C84: Mobile | D84: East | E84: Amit | F84: 25 | G84: 15000 | H84: 375000 | I84: =IF(D84="",$P$5,"") | J84: =IF(I84="",D84,I84) -> East | K84: {=_xlfn.IFS(AND(J84=$S$6,E84=""),$T$6,AND(J84=$S$17,E84=""),$T$17,AND(J84=$S$29,E84=""),$T$29,AND(J84=$S$41,E84=""),$T$41,TRUE,"")} | L84: =IF(K84="",E84,K84) -> Amit
A85: 45742 | B85: ORD082 | C85: Laptop | D85: East | E85: Sonia | F85: 41 | G85: 50000 | H85: 2050000 | I85: =IF(D85="",$P$5,"") | J85: =IF(I85="",D85,I85) -> East | K85: {=_xlfn.IFS(AND(J85=$S$6,E85=""),$T$6,AND(J85=$S$17,E85=""),$T$17,AND(J85=$S$29,E85=""),$T$29,AND(J85=$S$41,E85=""),$T$41,TRUE,"")} | L85: =IF(K85="",E85,K85) -> Sonia
A86: 45659 | B86: ORD083 | C86: Laptop | E86: Amit | F86: 40 | G86: 1200 | H86: 48000 | I86: =IF(D86="",$P$5,"") -> South | J86: =IF(I86="",D86,I86) -> South | K86: {=_xlfn.IFS(AND(J86=$S$6,E86=""),$T$6,AND(J86=$S$17,E86=""),$T$17,AND(J86=$S$29,E86=""),$T$29,AND(J86=$S$41,E86=""),$T$41,TRUE,"")} | L86: =IF(K86="",E86,K86) -> Amit
A87: 45936 | B87: ORD084 | C87: Laptop | D87: North | E87: Karan | F87: 19 | G87: 1200 | H87: 22800 | I87: =IF(D87="",$P$5,"") | J87: =IF(I87="",D87,I87) -> North | K87: {=_xlfn.IFS(AND(J87=$S$6,E87=""),$T$6,AND(J87=$S$17,E87=""),$T$17,AND(J87=$S$29,E87=""),$T$29,AND(J87=$S$41,E87=""),$T$41,TRUE,"")} | L87: =IF(K87="",E87,K87) -> Karan
A88: 45667 | B88: ORD085 | C88: Accessories | D88: West | E88: Vivek | F88: 26 | G88: 50000 | H88: 1300000 | I88: =IF(D88="",$P$5,"") | J88: =IF(I88="",D88,I88) -> West | K88: {=_xlfn.IFS(AND(J88=$S$6,E88=""),$T$6,AND(J88=$S$17,E88=""),$T$17,AND(J88=$S$29,E88=""),$T$29,AND(J88=$S$41,E88=""),$T$41,TRUE,"")} | L88: =IF(K88="",E88,K88) -> Vivek
A89: 45662 | B89: ORD086 | C89: Laptop | D89: South | E89: Riya | F89: 1 | G89: 50000 | H89: 50000 | I89: =IF(D89="",$P$5,"") | J89: =IF(I89="",D89,I89) -> South | K89: {=_xlfn.IFS(AND(J89=$S$6,E89=""),$T$6,AND(J89=$S$17,E89=""),$T$17,AND(J89=$S$29,E89=""),$T$29,AND(J89=$S$41,E89=""),$T$41,TRUE,"")} | L89: =IF(K89="",E89,K89) -> Riya
A90: 45827 | B90: ORD087 | C90: Lapotp | D90: South | E90: Neha | F90: 43 | G90: 800 | H90: 34400 | I90: =IF(D90="",$P$5,"") | J90: =IF(I90="",D90,I90) -> South | K90: {=_xlfn.IFS(AND(J90=$S$6,E90=""),$T$6,AND(J90=$S$17,E90=""),$T$17,AND(J90=$S$29,E90=""),$T$29,AND(J90=$S$41,E90=""),$T$41,TRUE,"")} | L90: =IF(K90="",E90,K90) -> Neha
A91: 45835 | B91: ORD088 | C91: Lapotp | D91: South | E91: Vivek | F91: 6 | G91: 800 | H91: 4800 | I91: =IF(D91="",$P$5,"") | J91: =IF(I91="",D91,I91) -> South | K91: {=_xlfn.IFS(AND(J91=$S$6,E91=""),$T$6,AND(J91=$S$17,E91=""),$T$17,AND(J91=$S$29,E91=""),$T$29,AND(J91=$S$41,E91=""),$T$41,TRUE,"")} | L91: =IF(K91="",E91,K91) -> Vivek
A92: 45723 | B92: ORD089 | C92: Accesories | D92: East | E92: Priya | F92: 9 | G92: 50000 | H92: 450000 | I92: =IF(D92="",$P$5,"") | J92: =IF(I92="",D92,I92) -> East | K92: {=_xlfn.IFS(AND(J92=$S$6,E92=""),$T$6,AND(J92=$S$17,E92=""),$T$17,AND(J92=$S$29,E92=""),$T$29,AND(J92=$S$41,E92=""),$T$41,TRUE,"")} | L92: =IF(K92="",E92,K92) -> Priya
A93: 45760 | B93: ORD090 | C93: Tablet | D93: South | E93: Manish | F93: 11 | G93: 800 | H93: 8800 | I93: =IF(D93="",$P$5,"") | J93: =IF(I93="",D93,I93) -> South | K93: {=_xlfn.IFS(AND(J93=$S$6,E93=""),$T$6,AND(J93=$S$17,E93=""),$T$17,AND(J93=$S$29,E93=""),$T$29,AND(J93=$S$41,E93=""),$T$41,TRUE,"")} | L93: =IF(K93="",E93,K93) -> Manish
A94: 45768 | B94: ORD091 | C94: Tablet | D94: North | E94: Sonia | F94: 46 | G94: 15000 | H94: 689245 | I94: =IF(D94="",$P$5,"") | J94: =IF(I94="",D94,I94) -> North | K94: {=_xlfn.IFS(AND(J94=$S$6,E94=""),$T$6,AND(J94=$S$17,E94=""),$T$17,AND(J94=$S$29,E94=""),$T$29,AND(J94=$S$41,E94=""),$T$41,TRUE,"")} | L94: =IF(K94="",E94,K94) -> Sonia
A95: 45872 | B95: ORD092 | C95: Laptop | D95: West | E95: Karan | F95: 12 | G95: 30000 | H95: 360000 | I95: =IF(D95="",$P$5,"") | J95: =IF(I95="",D95,I95) -> West | K95: {=_xlfn.IFS(AND(J95=$S$6,E95=""),$T$6,AND(J95=$S$17,E95=""),$T$17,AND(J95=$S$29,E95=""),$T$29,AND(J95=$S$41,E95=""),$T$41,TRUE,"")} | L95: =IF(K95="",E95,K95) -> Karan
A96: 45723 | B96: ORD093 | C96: Tablet | D96: West | E96: Priya | F96: 10 | G96: 50000 | H96: 500000 | I96: =IF(D96="",$P$5,"") | J96: =IF(I96="",D96,I96) -> West | K96: {=_xlfn.IFS(AND(J96=$S$6,E96=""),$T$6,AND(J96=$S$17,E96=""),$T$17,AND(J96=$S$29,E96=""),$T$29,AND(J96=$S$41,E96=""),$T$41,TRUE,"")} | L96: =IF(K96="",E96,K96) -> Priya
A97: 45833 | B97: ORD094 | C97: Accessories | D97: North | E97: Tina | F97: 42 | G97: 30000 | H97: 1260000 | I97: =IF(D97="",$P$5,"") | J97: =IF(I97="",D97,I97) -> North | K97: {=_xlfn.IFS(AND(J97=$S$6,E97=""),$T$6,AND(J97=$S$17,E97=""),$T$17,AND(J97=$S$29,E97=""),$T$29,AND(J97=$S$41,E97=""),$T$41,TRUE,"")} | L97: =IF(K97="",E97,K97) -> Tina
A98: 45816 | B98: ORD095 | C98: Accessories | D98: East | E98: Karan | F98: 26 | G98: 50000 | H98: 1300000 | I98: =IF(D98="",$P$5,"") | J98: =IF(I98="",D98,I98) -> East | K98: {=_xlfn.IFS(AND(J98=$S$6,E98=""),$T$6,AND(J98=$S$17,E98=""),$T$17,AND(J98=$S$29,E98=""),$T$29,AND(J98=$S$41,E98=""),$T$41,TRUE,"")} | L98: =IF(K98="",E98,K98) -> Karan
... A103: 45901 | B103: ORD100 | C103: Mobile | D103: East | E103: Riya | F103: 43 | G103: 15000 | H103: 644958 | I103: =IF(D103="",$P$5,"") | J103: =IF(I103="",D103,I103) -> East | K103: {=_xlfn.IFS(AND(J103=$S$6,E103=""),$T$6,AND(J103=$S$17,E103=""),$T$17,AND(J103=$S$29,E103=""),$T$29,AND(J103=$S$41,E103=""),$T$41,TRUE,"")} | L103: =IF(K103="",E103,K103) -> Riya
A104: 45744 | B104: ORD101 | C104: Tablet | E104: Tina | F104: 28 | G104: 800 | H104: 22400 | I104: =IF(D104="",$P$5,"") -> South | J104: =IF(I104="",D104,I104) -> South | K104: {=_xlfn.IFS(AND(J104=$S$6,E104=""),$T$6,AND(J104=$S$17,E104=""),$T$17,AND(J104=$S$29,E104=""),$T$29,AND(J104=$S$41,E104=""),$T$41,TRUE,"")} | L104: =IF(K104="",E104,K104) -> Tina
...

Sheet Mis-spellings
A1: Table | J1: Spelling Mistakes | M1: Helper Column
A2: Date | B2: Order ID | C2: Product | D2: Corrected Region | E2: Corrected Sales Rep | F2: Units Sold | G2: Unit Price | H2: Total Sales | J2: Mistakes | K2: Corrected | M2: {=_xlfn.UNIQUE(C3:C202)} -> Laptop | N2: Laptop
A3: 45775 | B3: ORD001 | C3: Laptop | D3: South | E3: Rohit | F3: 27 | G3: 1200 | H3: 32400 | J3: Laptop | K3: {=_xlfn.XLOOKUP(C3,_xlfn.ANCHORARRAY($M$2),$N$2:$N$9)} -> Laptop | M3: Accessories | N3: Accessories
A4: 45755 | B4: ORD002 | C4: Accessories | D4: South | E4: Amit | F4: 30 | G4: 25000 | H4: 750000 | J4: Accessories | K4: {=_xlfn.XLOOKUP(C4,_xlfn.ANCHORARRAY($M$2),$N$2:$N$9)} -> Accessories | M4: Tabllet | N4: Tablet
A5: 45718 | B5: ORD003 | C5: Tabllet | D5: South | E5: Sonia | F5: 23 | G5: 25000 | H5: 575000 | J5: Tabllet | K5: {=_xlfn.XLOOKUP(C5,_xlfn.ANCHORARRAY($M$2),$N$2:$N$9)} -> Tablet | M5: Mobile | N5: Mobile
A6: 45693 | B6: ORD004 | C6: Mobile | D6: North | E6: Neha | F6: 6 | G6: 800 | H6: 4800 | J6: Mobile | K6: {=_xlfn.XLOOKUP(C6,_xlfn.ANCHORARRAY($M$2),$N$2:$N$9)} -> Mobile | M6: Tablet | N6: Tablet
A7: 45706 | B7: ORD005 | C7: Mobile | D7: East | E7: Riya | F7: 45 | G7: 30000 | H7: 1350000 | J7: Mobile | K7: {=_xlfn.XLOOKUP(C7,_xlfn.ANCHORARRAY($M$2),$N$2:$N$9)} -> Mobile | M7: Moblie | N7: Mobile
A8: 45708 | B8: ORD006 | C8: Accessories | D8: North | E8: Karan | F8: 23 | G8: 1200 | H8: 27600 | J8: Accessories | K8: {=_xlfn.XLOOKUP(C8,_xlfn.ANCHORARRAY($M$2),$N$2:$N$9)} -> Accessories | M8: Lapotp | N8: Laptop
A9: 45814 | B9: ORD007 | C9: Tablet | D9: South | E9: Sonia | F9: 16 | G9: 800 | H9: 12800 | J9: Tablet | K9: {=_xlfn.XLOOKUP(C9,_xlfn.ANCHORARRAY($M$2),$N$2:$N$9)} -> Tablet | M9: Accesories | N9: Accessories
A10: 45751 | B10: ORD008 | C10: Mobile | D10: North | E10: Tina | F10: 50 | G10: 50000 | H10: 2500000 | J10: Mobile | K10: {=_xlfn.XLOOKUP(C10,_xlfn.ANCHORARRAY($M$2),$N$2:$N$9)} -> Mobile
A11: 45661 | B11: ORD009 | C11: Accessories | D11: North | E11: Sonia | F11: 37 | G11: 15000 | H11: 555000 | J11: Accessories | K11: {=_xlfn.XLOOKUP(C11,_xlfn.ANCHORARRAY($M$2),$N$2:$N$9)} -> Accessories
A12: 45844 | B12: ORD010 | C12: Laptop | D12: South | E12: Neha | F12: 40 | G12: 800 | H12: 32000 | J12: Laptop | K12: {=_xlfn.XLOOKUP(C12,_xlfn.ANCHORARRAY($M$2),$N$2:$N$9)} -> Laptop
A13: 45731 | B13: ORD011 | C13: Mobile | D13: East | E13: Manish | F13: 41 | G13: 800 | H13: 32800 | J13: Mobile | K13: {=_xlfn.XLOOKUP(C13,_xlfn.ANCHORARRAY($M$2),$N$2:$N$9)} -> Mobile
A14: 45772 | B14: ORD012 | C14: Accessories | D14: East | E14: Manish | F14: 27 | G14: 50000 | H14: 1350000 | J14: Accessories | K14: {=_xlfn.XLOOKUP(C14,_xlfn.ANCHORARRAY($M$2),$N$2:$N$9)} -> Accessories
A15: 45742 | B15: ORD013 | C15: Accessories | D15: West | E15: Tina | F15: 32 | G15: 25000 | H15: 799549 | J15: Accessories | K15: {=_xlfn.XLOOKUP(C15,_xlfn.ANCHORARRAY($M$2),$N$2:$N$9)} -> Accessories
A16: 45706 | B16: ORD014 | C16: Accessories | D16: North | E16: Tina | F16: 12 | G16: 30000 | H16: 360000 | J16: Accessories | K16: {=_xlfn.XLOOKUP(C16,_xlfn.ANCHORARRAY($M$2),$N$2:$N$9)} -> Accessories
A17: 45808 | B17: ORD015 | C17: Laptop | D17: West | E17: Neha | F17: 26 | G17: 25000 | H17: 650000 | J17: Laptop | K17: {=_xlfn.XLOOKUP(C17,_xlfn.ANCHORARRAY($M$2),$N$2:$N$9)} -> Laptop
A18: 45771 | B18: ORD016 | C18: Accessories | D18: East | E18: Priya | F18: 41 | G18: 50000 | H18: 2050000 | J18: Accessories | K18: {=_xlfn.XLOOKUP(C18,_xlfn.ANCHORARRAY($M$2),$N$2:$N$9)} -> Accessories
A19: 45870 | B19: ORD017 | C19: Accessories | D19: West | E19: Tina | F19: 31 | G19: 1200 | H19: 37200 | J19: Accessories | K19: {=_xlfn.XLOOKUP(C19,_xlfn.ANCHORARRAY($M$2),$N$2:$N$9)} -> Accessories
A20: 45737 | B20: ORD018 | C20: Mobile | D20: East | E20: Rohit | F20: 32 | G20: 1200 | H20: 38400 | J20: Mobile | K20: {=_xlfn.XLOOKUP(C20,_xlfn.ANCHORARRAY($M$2),$N$2:$N$9)} -> Mobile
A21: 45729 | B21: ORD019 | C21: Accessories | D21: North | E21: Priya | F21: 24 | G21: 50000 | H21: 1200000 | J21: Accessories | K21: {=_xlfn.XLOOKUP(C21,_xlfn.ANCHORARRAY($M$2),$N$2:$N$9)} -> Accessories
... A202: 45772 | B202: ORD200 | C202: Tablet | D202: North | E202: Sonia | F202: 46 | G202: 25000 | H202: 1150000 | J202: Tablet | K202: {=_xlfn.XLOOKUP(C202,_xlfn.ANCHORARRAY($M$2),$N$2:$N$9)} -> Tablet

Sheet Corrected Table
A1: Fully Corrected Table
A3: Date | B3: Order ID | C3: Product | D3: Region | E3: Sales-Person | F3: Units Sold | G3: Unit Price | H3: Total Sales
A4: 45775 | B4: ORD001 | C4: Laptop | D4: South | E4: Rohit | F4: 27 | G4: 1200 | H4: 32400
A5: 45755 | B5: ORD002 | C5: Accessories | D5: South | E5: Amit | F5: 30 | G5: 25000 | H5: 750000
A6: 45718 | B6: ORD003 | C6: Tablet | D6: South | E6: Sonia | F6: 23 | G6: 25000 | H6: 575000
A7: 45693 | B7: ORD004 | C7: Mobile | D7: North | E7: Neha | F7: 6 | G7: 800 | H7: 4800
A8: 45706 | B8: ORD005 | C8: Mobile | D8: East | E8: Riya | F8: 45 | G8: 30000 | H8: 1350000
A9: 45708 | B9: ORD006 | C9: Accessories | D9: North | E9: Karan | F9: 23 | G9: 1200 | H9: 27600
A10: 45814 | B10: ORD007 | C10: Tablet | D10: South | E10: Sonia | F10: 16 | G10: 800 | H10: 12800
A11: 45751 | B11: ORD008 | C11: Mobile | D11: North | E11: Tina | F11: 50 | G11: 50000 | H11: 2500000
A12: 45661 | B12: ORD009 | C12: Accessories | D12: North | E12: Sonia | F12: 37 | G12: 15000 | H12: 555000
A13: 45844 | B13: ORD010 | C13: Laptop | D13: South | E13: Neha | F13: 40 | G13: 800 | H13: 32000
A14: 45731 | B14: ORD011 | C14: Mobile | D14: East | E14: Manish | F14: 41 | G14: 800 | H14: 32800
A15: 45772 | B15: ORD012 | C15: Accessories | D15: East | E15: Manish | F15: 27 | G15: 50000 | H15: 1350000
... A203: 45772 | B203: ORD200 | C203: Tablet | D203: North | E203: Sonia | F203: 46 | G203: 25000 | H203: 1150000

Sheet Dashboard
A1: DASHBOARD
G4: REGION
C9: Total sales | F9: Top Product | H9: Top Sales-person | K9: Top Sales Month
C10: =D18 -> 109347886 | F10: =B14 -> Accessories | H10: =F14 -> Sonia | K10: =TEXT(K14,"MMMM") -> September
B13: Product | C13: Sum of Units Sold | D13: Sum of Total Sales | F13: Sales-Person | G13: Sum of Units Sold | H13: Sum of Total Sales | I13: Product | K13: Date | L13: Sum of Total Sales
B14: Accessories | C14: 1508 | D14: 39832090 | F14: Sonia | G14: 916 | H14: 22821350 | K14: 45901 | L14: 3094958
B15: Tablet | C15: 1161 | D15: 25853147 | F15: Tina | G15: 834 | H15: 18153649 | K15: 45703 | L15: 3065000
B16: Mobile | C16: 1225 | D16: 24246811 | F16: Riya | G16: 544 | H16: 15433301 | K16: 45780 | L16: 3045400
B17: Laptop | C17: 1163 | D17: 19415838 | F17: Amit | G17: 526 | H17: 11186200 | K17: 45742 | L17: 2849549
B18: Grand Total | C18: 5057 | D18: 109347886 | F18: Karan | G18: 495 | H18: 9969546 | K18: 45701 | L18: 2825000
F19: Priya | G19: 376 | H19: 11544600
